CHROM,POS,REF,ALT,RSID,VUS,Pathogenic,LikelyPathogenic,Conflicting
chr1,201359144,C,T,rs3729998,0,0,0,0
chr1,201359171,G,A,rs553116893,1,0,0,0
chr1,201359173,G,A,rs149240770,1,0,0,0
chr1,201359208,C,T,.,1,0,0,0
chr1,201359217,C,T,rs727504247,0,1,0,0
chr1,201359220,C,T,.,1,0,0,0
chr1,201359221,G,A,rs367785431,1,0,0,0
chr1,201359224,C,T,rs147940106,1,0,0,0
chr1,201359225,G,A,rs45465693,0,0,0,0
chr1,201359242,C,T,rs757664792,1,0,0,0
chr1,201359243,G,A,rs45503195,0,0,0,0
chr1,201359244,C,T,.,1,0,0,0
chr1,201359245,G,A,rs121964857,0,0,0,1
chr1,201359246,G,T,rs754211195,0,0,0,0
chr1,201359258,G,A,rs749454768,0,0,0,1
chr1,201359273,C,T,rs778928540,0,0,0,0
chr1,201359274,G,A,rs759855940,0,0,0,0
chr1,201359580,G,A,.,0,0,0,0
chr1,201359601,G,A,.,0,0,0,0
chr1,201359632,T,A,rs863225119,0,0,1,0
chr1,201359637,G,A,.,0,0,0,1
chr1,201359639,T,C,.,1,0,0,0
chr1,201359651,G,A,.,0,0,0,1
chr1,201359659,T,C,rs397516483,1,0,0,0
chr1,201359667,C,T,.,0,0,0,0
chr1,201359696,G,A,.,0,0,0,0
chr1,201359785,G,C,rs45509695,0,0,0,0
chr1,201361001,T,C,rs10920181,0,0,0,0
chr1,201361098,G,A,rs12564577,0,0,0,0
chr1,201361143,G,A,rs114141823,0,0,0,0
chr1,201361214,C,T,rs45517846,0,0,0,0
chr1,201361238,G,C,rs2275862,0,0,0,0
chr1,201361271,C,A,.,1,0,0,0
chr1,201361272,G,A,.,1,0,0,0
chr1,201361274,C,T,.,0,0,0,1
chr1,201361301,T,C,rs3730238,0,0,0,0
chr1,201361310,A,G,.,1,0,0,0
chr1,201361314,C,T,rs141805127,0,0,0,1
chr1,201361315,G,A,rs397516481,0,0,0,0
chr1,201361327,C,A,rs45466197,0,0,0,1
chr1,201361337,T,C,rs200500421,1,0,0,0
chr1,201361368,C,G,.,1,0,0,0
chr1,201361373,C,A,rs201753429,0,0,0,1
chr1,201361374,A,C,rs730881092,0,0,0,1
chr1,201361375,C,T,rs113471285,0,0,0,1
chr1,201361376,G,A,rs376303087,0,0,0,1
chr1,201361378,G,T,.,1,0,0,0
chr1,201361379,CAAG,C,rs397516480,0,0,0,1
chr1,201361382,G,C,rs377714587,0,0,0,0
chr1,201361383,G,T,rs761998371,0,0,0,0
chr1,201361440,G,A,rs140139755,0,0,0,0
chr1,201361455,A,G,rs2275861,0,0,0,0
chr1,201361601,G,A,rs3730240,0,0,0,0
chr1,201361926,C,T,rs730881107,1,0,0,0
chr1,201361940,A,G,rs45520032,0,0,0,1
chr1,201361941,T,C,.,1,0,0,0
chr1,201361955,C,T,.,1,0,0,0
chr1,201362015,C,T,rs371047521,1,0,0,0
chr1,201362019,C,T,rs150008205,1,0,0,0
chr1,201362031,T,C,.,0,0,0,0
chr1,201362032,G,A,rs375547142,0,0,0,1
chr1,201362037,A,T,.,1,0,0,0
chr1,201362103,G,A,rs28730745,0,0,0,0
chr1,201362112,C,T,rs11810834,0,0,0,0
chr1,201362128,G,A,rs373805222,0,0,0,0
chr1,201362207,A,G,rs11807637,0,0,0,0
chr1,201362383,C,T,.,1,0,0,0
chr1,201362395,C,T,rs483352835,1,0,0,0
chr1,201362400,C,T,rs760197357,0,0,0,0
chr1,201362401,C,T,rs369759523,1,0,0,0
chr1,201362402,G,A,.,0,0,0,1
chr1,201362426,T,G,rs1104859,0,0,0,0
chr1,201362536,C,A,.,0,0,0,0
chr1,201362691,GA,G,rs140190878,0,0,0,0
chr1,201363329,G,A,rs397516474,0,0,0,0
chr1,201363331,A,C,rs377157235,1,0,0,0
chr1,201363352,C,A,rs730881097,0,0,0,1
chr1,201363391,G,A,rs397516469,1,0,0,0
chr1,201363407,C,G,.,0,0,0,1
chr1,201363475,G,A,rs483352834,1,0,0,0
chr1,201363533,G,A,rs3730236,0,0,0,0
chr1,201363680,A,T,rs11808175,0,0,0,0
chr1,201364179,C,T,rs139924149,0,0,0,0
chr1,201364241,C,G,rs45527945,0,0,0,0
chr1,201364280,G,A,rs377743847,0,0,0,0
chr1,201364300,C,T,rs727505030,1,0,0,0
chr1,201364305,C,T,rs201048783,1,0,0,0
chr1,201364313,C,G,rs35914325,0,0,0,0
chr1,201364326,C,T,rs745632066,1,0,0,0
chr1,201364328,C,T,rs775274966,0,0,0,0
chr1,201364335,CG,C,rs730881115,0,0,0,1
chr1,201364351,C,T,.,1,0,0,0
chr1,201364352,G,A,rs375675827,0,0,0,0
chr1,201364356,C,T,rs754037135,1,0,0,0
chr1,201364357,G,A,.,1,0,0,0
chr1,201364357,G,T,.,0,0,0,0
chr1,201364360,C,G,.,1,0,0,0
chr1,201364369,G,A,rs397516463,0,1,0,0
chr1,201364375,C,T,rs730881100,0,0,1,0
chr1,201364378,AAGG,A,rs397516462,0,0,0,0
chr1,201364383,G,A,rs781240506,0,0,0,0
chr1,201364389,G,T,rs745721749,0,0,0,0
chr1,201364468,TG,T,rs574033504,0,0,0,0
chr1,201364575,C,T,rs2275860,0,0,0,0
chr1,201365185,A,T,rs761043932,1,0,0,0
chr1,201365191,G,A,rs727504322,1,0,0,0
chr1,201365199,C,T,rs765359025,1,0,0,0
chr1,201365211,C,T,rs537067344,1,0,0,0
chr1,201365212,G,A,.,0,0,0,0
chr1,201365226,CT,C,rs560019679,1,0,0,0
chr1,201365254,G,A,.,0,0,0,0
chr1,201365261,G,A,rs727504245,0,0,0,1
chr1,201365321,G,A,rs747477576,0,0,0,0
chr1,201365326,G,A,rs587780969,0,0,0,0
chr1,201365603,C,T,rs45490292,0,0,0,0
chr1,201365604,G,A,rs758051932,1,0,0,0
chr1,201365620,ACT,A,.,1,0,0,0
chr1,201365622,T,TC,rs780087395,0,0,0,1
chr1,201365627,C,T,rs727504244,0,0,1,0
chr1,201365631,A,G,rs763782935,0,0,0,0
chr1,201365634,G,A,.,0,0,0,0
chr1,201365634,G,C,.,0,0,0,1
chr1,201365638,A,T,rs121964855,0,1,0,0
chr1,201365644,G,A,rs144900708,1,0,0,0
chr1,201365649,C,T,.,0,0,0,0
chr1,201365650,A,C,rs730881095,1,0,0,0
chr1,201365656,T,C,rs397516450,0,0,0,1
chr1,201365667,C,T,rs3729845,0,0,0,0
chr1,201365668,G,A,rs761953142,0,0,0,1
chr1,201365673,G,A,.,0,0,0,0
chr1,201366521,C,T,rs7544061,0,0,0,0
chr1,201366832,A,G,rs397516449,0,0,0,1
chr1,201366863,T,C,.,0,0,0,1
chr1,201366882,T,C,rs368658464,0,0,0,1
chr1,201366900,G,C,rs45449197,0,0,0,0
chr1,201367513,G,A,rs1892028,0,0,0,0
chr1,201367790,CTCT,C,rs781616719,1,0,0,0
chr1,201367856,C,T,.,0,0,0,0
chr1,201368042,A,G,rs3729842,0,0,0,0
chr1,201368149,A,G,rs527486692,0,0,0,0
chr1,201368150,C,T,rs45580032,0,0,0,0
chr1,201368172,G,C,.,0,0,0,0
chr1,201368180,C,T,rs757526942,1,0,0,0
chr1,201368181,G,A,rs746492909,0,0,0,0
chr1,201368189,C,G,rs397516447,1,0,0,0
chr1,201368190,C,T,rs756174289,0,0,0,0
chr1,201368211,C,T,rs200283086,0,0,0,0
chr1,201368215,G,C,.,1,0,0,0
chr1,201368222,C,T,.,1,0,0,0
chr1,201368225,G,T,.,1,0,0,0
chr1,201368308,C,T,rs45576939,0,0,0,0
chr1,201369816,C,A,.,1,0,0,0
chr1,201369816,C,T,.,0,0,0,1
chr1,201369817,G,A,rs751728017,0,0,0,0
chr1,201369823,G,A,rs727503515,0,0,0,0
chr1,201369829,T,C,rs370895664,0,0,0,0
chr1,201369850,G,A,rs540630390,0,0,0,0
chr1,201369853,T,C,rs115805892,0,0,0,0
chr1,201369854,C,T,.,0,0,0,0
chr1,201369916,G,A,rs45584633,0,0,0,0
chr1,201371706,C,G,rs114576011,0,0,0,0
chr1,201371930,G,A,rs45514004,0,0,0,0
chr1,201372015,T,C,rs138757060,1,0,0,0
chr1,201372018,G,A,rs201839711,0,0,0,0
chr1,201372031,A,C,rs397516477,0,0,0,1
chr1,201372047,CAGAAG,C,rs45533739,0,0,0,0
chr1,201372138,C,T,rs374443596,0,0,0,1
chr1,201372175,C,T,rs45561443,0,0,0,0
chr1,201372184,G,A,.,0,0,0,0
chr1,201373198,T,C,.,0,0,0,1
chr1,201373215,C,T,rs772890125,1,0,0,0
chr1,201373216,C,T,rs727503516,1,0,0,0
chr1,201373234,C,A,rs777128825,0,0,0,0
chr1,201373245,T,G,rs139705141,1,0,0,0
chr1,201373252,C,T,.,0,0,1,0
chr1,201373254,T,C,.,0,0,0,1
chr1,201373255,G,A,.,1,0,0,0
chr1,201373255,G,T,rs776936911,1,0,0,0
chr1,201373257,T,C,rs752977897,0,0,0,0
chr1,201373428,C,T,rs10920186,0,0,0,0
chr1,201373432,T,C,rs12567382,0,0,0,0
chr1,201373469,C,T,rs45535342,0,0,0,0
chr1,201373528,A,G,rs12568262,0,0,0,0
chr1,201373734,C,T,rs1539693,0,0,0,0
chr1,201377606,C,T,.,0,0,0,0
chr1,201377613,C,T,rs754752990,0,0,0,0
chr1,201377617,C,A,.,0,0,0,0
chr1,201377630,C,A,.,1,0,0,0
chr1,201377648,C,A,.,0,0,0,0
chr1,201377657,G,A,.,0,0,0,0
chr11,47331450,T,C,.,1,0,0,0
chr11,47331468,C,T,.,1,0,0,0
chr11,47331507,C,T,rs11570121,0,0,0,0
chr11,47331512,CT,C,rs376645369,0,0,0,0
chr11,47331612,A,G,rs570058149,0,0,0,1
chr11,47331616,C,T,rs549519453,1,0,0,0
chr11,47331630,C,A,rs117960173,0,0,0,0
chr11,47331831,C,T,rs375011839,0,0,0,0
chr11,47331832,G,A,.,0,0,0,0
chr11,47331878,G,A,rs369184972,1,0,0,0
chr11,47331889,AGAG,A,.,1,0,0,0
chr11,47331893,G,A,rs764320767,1,0,0,0
chr11,47332058,C,T,rs727504656,0,0,0,0
chr11,47332074,C,T,rs762225417,1,0,0,0
chr11,47332075,G,A,rs397516042,0,1,0,0
chr11,47332086,C,T,rs730880142,1,0,0,0
chr11,47332087,G,A,rs765825263,1,0,0,0
chr11,47332099,G,A,rs370338674,0,0,0,1
chr11,47332105,C,T,rs730880141,1,0,0,0
chr11,47332106,G,A,rs779312310,1,0,0,0
chr11,47332109,C,T,.,0,0,0,0
chr11,47332113,A,G,.,1,0,0,0
chr11,47332116,TTGG,T,rs397516040,0,0,1,0
chr11,47332145,G,A,rs543376073,0,0,0,1
chr11,47332160,C,A,rs778267366,1,0,0,0
chr11,47332178,C,T,rs767400149,0,0,0,0
chr11,47332187,C,T,rs200162906,0,0,0,0
chr11,47332189,G,A,rs397516037,0,1,0,0
chr11,47332201,T,C,rs727503169,1,0,0,0
chr11,47332204,G,A,rs201312636,0,0,0,1
chr11,47332209,C,T,.,1,0,0,0
chr11,47332210,G,A,rs397516033,1,0,0,0
chr11,47332213,C,T,.,1,0,0,0
chr11,47332214,G,A,rs368221517,0,0,0,0
chr11,47332225,G,C,.,1,0,0,0
chr11,47332228,C,T,.,1,0,0,0
chr11,47332229,C,A,rs770157084,0,0,0,1
chr11,47332232,G,A,rs374755212,0,0,0,0
chr11,47332244,C,T,rs368765949,0,1,0,0
chr11,47332258,G,T,.,1,0,0,0
chr11,47332264,A,G,.,0,0,0,1
chr11,47332274,AGAGAGGGAGGGAAGCCATCCAGGCT,A,rs36212066,0,0,0,1
chr11,47332289,C,G,rs760626322,0,0,0,0
chr11,47332293,C,G,.,0,0,0,0
chr11,47332517,G,A,rs3729802,0,0,0,0
chr11,47332549,C,T,rs778235604,0,0,0,0
chr11,47332579,C,T,rs730880596,1,0,0,0
chr11,47332580,G,A,rs727503171,0,0,0,1
chr11,47332587,A,G,.,0,0,0,0
chr11,47332600,G,A,rs878853834,1,0,0,0
chr11,47332609,C,T,.,1,0,0,0
chr11,47332612,G,A,rs730880594,0,0,0,1
chr11,47332614,G,A,rs541204647,0,0,0,0
chr11,47332620,C,T,rs371488508,0,0,0,0
chr11,47332621,G,A,rs761545914,1,0,0,0
chr11,47332624,C,T,.,1,0,0,0
chr11,47332625,G,A,rs755160084,1,0,0,0
chr11,47332652,G,C,rs730880593,0,0,1,0
chr11,47332658,C,T,rs199669878,0,0,0,1
chr11,47332695,G,C,rs373620343,0,0,0,0
chr11,47332808,C,T,rs397516021,0,0,0,0
chr11,47332818,T,A,rs786204358,1,0,0,0
chr11,47332832,C,T,rs542350927,0,0,0,1
chr11,47332833,G,A,.,0,0,0,0
chr11,47332834,G,A,rs373304680,1,0,0,0
chr11,47332841,T,C,rs377352427,1,0,0,0
chr11,47332851,C,T,.,0,0,0,0
chr11,47332852,G,A,rs779884363,1,0,0,0
chr11,47332862,T,G,.,1,0,0,0
chr11,47332889,C,T,rs373519667,1,0,0,0
chr11,47332890,G,A,rs753671465,0,0,0,0
chr11,47332892,G,A,rs377171707,1,0,0,0
chr11,47332894,AAGT,A,rs730880674,0,0,0,1
chr11,47332920,C,G,rs375116558,0,0,0,1
chr11,47332931,C,T,.,1,0,0,0
chr11,47332932,G,A,.,0,0,0,0
chr11,47332942,C,T,rs397516018,0,0,0,1
chr11,47332946,G,A,rs368721523,1,0,0,0
chr11,47332961,C,T,rs531189495,1,0,0,0
chr11,47332962,G,A,rs749130484,0,0,0,0
chr11,47332966,A,AACC,rs730880673,1,0,0,0
chr11,47332973,C,T,.,1,0,0,0
chr11,47332981,C,A,rs770723664,1,0,0,0
chr11,47333189,C,G,.,0,1,0,0
chr11,47333189,C,T,.,0,1,0,0
chr11,47333192,A,C,.,0,1,0,0
chr11,47333198,G,A,rs397516016,0,0,0,1
chr11,47333201,T,G,rs397516015,1,0,0,0
chr11,47333208,C,T,rs377106864,1,0,0,0
chr11,47333209,G,A,.,0,0,0,0
chr11,47333209,G,T,.,0,0,0,1
chr11,47333227,C,T,rs371301665,0,0,0,0
chr11,47333229,C,G,.,1,0,0,0
chr11,47333230,C,G,.,1,0,0,0
chr11,47333236,C,T,rs1052373,0,0,0,0
chr11,47333239,C,G,.,0,0,0,0
chr11,47333239,C,T,.,0,0,0,0
chr11,47333245,G,A,rs36212064,0,0,0,1
chr11,47333247,C,A,rs727503173,1,0,0,0
chr11,47333247,C,T,.,1,0,0,0
chr11,47333248,G,A,rs376344765,0,0,0,0
chr11,47333260,T,C,.,0,0,0,0
chr11,47333295,C,A,.,1,0,0,0
chr11,47333296,G,A,rs369999866,0,0,0,0
chr11,47333306,C,CG,rs730880669,0,1,0,0
chr11,47333306,C,T,rs376598916,0,0,0,1
chr11,47333307,G,A,rs368973872,1,0,0,0
chr11,47333314,C,G,.,1,0,0,0
chr11,47333337,C,T,rs764672273,0,0,0,0
chr11,47333339,G,A,.,0,0,0,0
chr11,47333340,G,A,rs373012629,0,0,0,1
chr11,47333354,T,C,rs11570115,0,0,0,0
chr11,47333553,G,A,rs571457875,0,0,0,1
chr11,47333554,C,T,rs536826395,1,0,0,0
chr11,47333559,A,G,.,1,0,0,0
chr11,47333576,C,T,rs397516004,0,0,0,0
chr11,47333577,G,A,rs754115924,1,0,0,0
chr11,47333593,T,C,rs730880589,1,0,0,0
chr11,47333595,T,C,rs772151277,1,0,0,0
chr11,47333599,C,T,rs780449220,0,0,0,1
chr11,47333604,C,T,rs769018051,1,0,0,0
chr11,47333624,G,A,rs374626656,1,0,0,0
chr11,47333637,C,T,rs750609594,1,0,0,0
chr11,47333638,G,A,.,1,0,0,0
chr11,47333640,C,T,rs374255381,0,0,0,1
chr11,47333641,G,A,rs61729664,0,0,0,0
chr11,47333645,G,A,rs200663253,0,0,0,1
chr11,47333650,G,A,rs748909815,1,0,0,0
chr11,47333650,G,T,.,0,0,0,0
chr11,47333664,G,A,.,0,0,0,1
chr11,47333675,G,T,rs767605155,1,0,0,0
chr11,47333682,C,G,.,0,0,0,1
chr11,47333683,G,A,rs397515999,1,0,0,0
chr11,47333695,C,G,rs372003333,1,0,0,0
chr11,47333698,C,T,rs368180702,1,0,0,0
chr11,47333699,G,A,rs397515998,0,0,0,1
chr11,47333710,G,C,.,1,0,0,0
chr11,47333723,G,T,.,0,0,0,0
chr11,47333744,G,A,rs397515996,0,0,0,0
chr11,47333750,G,A,rs377283955,0,0,0,0
chr11,47333757,G,C,rs376083315,0,0,0,1
chr11,47333936,G,A,rs375776406,0,0,0,1
chr11,47333951,C,T,.,1,0,0,0
chr11,47333955,G,A,rs761700877,0,0,0,0
chr11,47333968,ATGGTC,A,rs397515995,0,1,0,0
chr11,47333977,C,T,rs727503179,1,0,0,0
chr11,47333978,G,A,rs397515994,0,0,0,1
chr11,47333989,G,C,.,1,0,0,0
chr11,47334001,C,T,rs761696555,1,0,0,0
chr11,47334002,G,A,rs193922382,0,0,0,0
chr11,47334007,C,T,rs727504346,1,0,0,0
chr11,47334019,A,G,rs373248202,0,0,0,0
chr11,47335052,C,T,.,0,0,0,0
chr11,47335061,C,T,rs369685402,0,0,0,0
chr11,47335065,G,A,rs373056282,1,0,0,0
chr11,47335070,C,T,rs727503181,0,0,0,1
chr11,47335081,CAG,C,rs397515990,0,1,0,0
chr11,47335091,A,G,.,1,0,0,0
chr11,47335105,T,C,.,1,0,0,0
chr11,47335109,T,C,rs376858768,0,0,0,0
chr11,47335113,C,T,.,1,0,0,0
chr11,47335114,G,A,rs727503183,1,0,0,0
chr11,47335119,C,T,rs397515986,1,0,0,0
chr11,47335120,G,A,rs387907267,0,1,0,0
chr11,47335132,G,A,rs534366414,1,0,0,0
chr11,47335139,C,T,rs370530334,0,0,0,0
chr11,47335140,G,A,.,1,0,0,0
chr11,47335147,G,A,.,0,0,0,1
chr11,47335163,C,G,.,0,0,0,0
chr11,47335163,C,T,.,0,0,0,0
chr11,47335164,G,A,rs773819168,1,0,0,0
chr11,47335176,G,A,rs200406864,0,0,0,1
chr11,47335182,C,T,rs751224775,1,0,0,0
chr11,47335186,G,C,rs367729718,0,0,0,0
chr11,47335619,G,A,rs2254240,0,0,0,0
chr11,47335865,G,A,rs3729936,0,0,0,0
chr11,47335867,G,A,.,0,0,0,0
chr11,47335886,G,T,rs397515985,1,0,0,0
chr11,47335898,C,T,rs774634021,1,0,0,0
chr11,47335900,C,T,rs397515983,1,0,0,0
chr11,47335902,G,A,.,0,0,0,0
chr11,47335909,T,C,.,1,0,0,0
chr11,47335912,A,G,rs767113733,1,0,0,0
chr11,47335924,C,T,.,1,0,0,0
chr11,47335930,C,A,.,1,0,0,0
chr11,47335930,C,T,rs372628478,1,0,0,0
chr11,47335931,G,A,rs374976635,1,0,0,0
chr11,47335932,C,A,rs369289966,1,0,0,0
chr11,47335942,C,T,rs727504378,1,0,0,0
chr11,47335944,C,T,rs397515982,0,1,0,0
chr11,47335960,G,A,rs397515981,1,0,0,0
chr11,47335973,C,T,rs727504360,1,0,0,0
chr11,47335974,G,A,rs397515980,0,0,0,0
chr11,47335982,C,T,rs730880574,1,0,0,0
chr11,47335990,T,A,rs774889182,1,0,0,0
chr11,47336000,C,T,rs190765116,0,0,0,0
chr11,47336001,G,A,rs531228202,0,0,0,1
chr11,47336009,G,A,.,1,0,0,0
chr11,47336022,G,A,rs11570105,0,0,0,0
chr11,47337382,C,T,.,0,0,0,0
chr11,47337385,G,C,.,0,0,0,0
chr11,47337392,G,A,rs11570097,0,0,0,0
chr11,47337394,T,C,rs768339148,1,0,0,0
chr11,47337420,C,T,rs727503185,0,0,0,1
chr11,47337431,C,T,rs730880572,1,0,0,0
chr11,47337433,T,C,.,1,0,0,0
chr11,47337436,C,T,.,1,0,0,0
chr11,47337437,G,A,rs754062873,0,0,0,0
chr11,47337441,G,A,rs774172488,1,0,0,0
chr11,47337442,C,T,rs730880571,1,0,0,0
chr11,47337446,G,A,rs3729953,0,0,0,0
chr11,47337449,C,T,rs369904619,0,0,0,1
chr11,47337452,G,A,.,0,0,0,0
chr11,47337454,A,G,rs768963157,1,0,0,0
chr11,47337457,C,T,rs747774791,1,0,0,0
chr11,47337459,C,T,.,0,0,0,1
chr11,47337467,G,A,rs373792537,0,0,0,0
chr11,47337475,C,T,rs376936056,1,0,0,0
chr11,47337476,G,A,rs370561202,0,0,0,1
chr11,47337481,C,G,.,1,0,0,0
chr11,47337482,G,A,rs542181308,0,0,0,0
chr11,47337489,C,A,.,1,0,0,0
chr11,47337492,C,G,.,1,0,0,0
chr11,47337493,G,A,rs752007810,1,0,0,0
chr11,47337494,C,T,rs397515967,0,0,0,0
chr11,47337502,G,GA,rs397515966,0,1,0,0
chr11,47337506,C,A,rs201040413,0,0,0,0
chr11,47337509,C,T,rs765583270,0,0,0,0
chr11,47337533,C,T,rs532996422,0,0,0,0
chr11,47337540,C,T,.,0,1,0,0
chr11,47337543,C,A,.,1,0,0,0
chr11,47337543,C,G,.,1,0,0,0
chr11,47337543,C,T,.,0,0,0,1
chr11,47337549,CTCT,C,rs727504288,0,0,0,1
chr11,47337564,C,A,.,0,0,0,1
chr11,47337676,G,A,rs371889003,0,0,0,0
chr11,47337694,G,T,rs202088839,0,0,0,0
chr11,47337704,C,T,.,1,0,0,0
chr11,47337705,C,T,rs727504574,1,0,0,0
chr11,47337706,G,A,rs756512665,0,0,0,1
chr11,47337709,A,G,.,0,0,0,0
chr11,47337712,G,A,.,0,0,0,0
chr11,47337722,G,A,rs730880565,0,0,0,1
chr11,47337723,G,T,.,1,0,0,0
chr11,47337729,A,AC,rs397515963,0,1,0,0
chr11,47337752,C,G,.,1,0,0,0
chr11,47337756,C,A,.,1,0,0,0
chr11,47337758,T,C,rs776351251,1,0,0,0
chr11,47337776,G,A,.,1,0,0,0
chr11,47337782,G,A,.,1,0,0,0
chr11,47337783,C,T,rs368104687,1,0,0,0
chr11,47337784,G,A,rs397515962,0,0,0,0
chr11,47337793,G,A,rs397515959,0,0,0,0
chr11,47337890,G,C,rs11570096,0,0,0,0
chr11,47338502,G,C,rs3729948,0,0,0,0
chr11,47338507,C,T,rs780086088,0,0,0,0
chr11,47338508,G,A,rs727505335,0,0,0,0
chr11,47338511,C,T,rs769533145,0,0,0,0
chr11,47338512,G,A,rs373135387,0,0,0,0
chr11,47338519,C,T,.,0,1,0,0
chr11,47338553,C,T,rs750810342,1,0,0,0
chr11,47338554,G,A,rs397515957,0,0,0,1
chr11,47338559,C,T,rs369790992,1,0,0,0
chr11,47338569,C,CA,rs774521272,0,1,0,0
chr11,47338578,C,T,rs373338699,0,0,0,0
chr11,47338587,G,A,rs755910458,0,0,0,0
chr11,47338608,C,G,.,0,0,0,0
chr11,47338617,C,T,rs113265977,0,0,0,0
chr11,47338618,G,A,rs199893357,0,0,0,1
chr11,47338630,C,T,.,1,0,0,0
chr11,47338632,G,A,rs397515955,0,0,0,0
chr11,47338641,G,A,rs765983279,0,0,0,0
chr11,47338649,C,T,rs564378953,0,0,0,1
chr11,47338650,G,A,rs370676057,0,0,0,0
chr11,47338651,C,T,rs397515953,1,0,0,0
chr11,47338652,G,A,rs752200396,1,0,0,0
chr11,47338658,G,A,rs200399246,1,0,0,0
chr11,47338664,C,T,.,1,0,0,0
chr11,47338665,G,A,.,0,0,0,0
chr11,47338667,T,A,rs768993308,1,0,0,0
chr11,47338681,T,TG,rs748128261,0,0,0,0
chr11,47338682,G,A,.,0,0,0,1
chr11,47338683,G,C,.,0,0,0,0
chr11,47338684,G,A,.,0,0,0,0
chr11,47338684,G,C,.,1,0,0,0
chr11,47338684,G,T,.,1,0,0,0
chr11,47338687,G,A,.,0,0,0,0
chr11,47338687,G,C,.,0,0,0,1
chr11,47338861,T,C,rs2269434,0,0,0,0
chr11,47339314,TCTCA,T,rs397515949,0,0,0,1
chr11,47339321,C,T,rs368887584,0,0,0,0
chr11,47339346,T,A,.,1,0,0,0
chr11,47339347,C,T,.,1,0,0,0
chr11,47339348,G,A,rs113658284,0,0,0,0
chr11,47339391,G,C,.,1,0,0,0
chr11,47339398,T,G,rs730880562,1,0,0,0
chr11,47339654,C,T,rs758224257,0,0,0,0
chr11,47339655,G,A,.,1,0,0,0
chr11,47339655,G,T,.,1,0,0,0
chr11,47339662,C,G,.,1,0,0,0
chr11,47339684,A,G,rs757832991,0,0,0,1
chr11,47339707,C,A,.,1,0,0,0
chr11,47339707,C,T,rs876657869,1,0,0,0
chr11,47339708,G,A,rs558051480,0,0,0,0
chr11,47339729,A,T,rs375467797,0,0,0,1
chr11,47339732,T,C,.,0,0,0,0
chr11,47339742,A,G,rs397515941,1,0,0,0
chr11,47339750,T,C,rs397515940,0,0,0,0
chr11,47339754,A,G,.,0,0,0,0
chr11,47339758,G,A,.,1,0,0,0
chr11,47339765,G,A,.,0,0,0,0
chr11,47339771,C,G,.,0,0,0,0
chr11,47339793,G,A,.,1,0,0,0
chr11,47340728,A,G,rs2596406,0,0,0,0
chr11,47340788,G,A,rs10769253,0,0,0,0
chr11,47341016,G,A,rs377227442,0,0,0,0
chr11,47341091,C,T,rs11570086,0,0,0,0
chr11,47341135,C,T,.,1,0,0,0
chr11,47341146,T,A,rs745859544,1,0,0,0
chr11,47341160,C,G,.,0,0,0,0
chr11,47341166,G,A,.,0,0,0,0
chr11,47341171,C,T,.,1,0,0,0
chr11,47341172,G,A,rs193922378,0,0,0,0
chr11,47341180,C,T,rs200352299,0,0,0,1
chr11,47341193,G,A,rs774488435,0,0,0,0
chr11,47341204,C,T,rs730880555,0,0,0,1
chr11,47341205,G,A,rs768049705,0,0,0,0
chr11,47341207,C,G,.,0,0,0,1
chr11,47341207,C,T,.,1,0,0,0
chr11,47341208,G,A,.,0,0,0,0
chr11,47341213,G,A,rs730880552,1,0,0,0
chr11,47341219,C,T,rs368482358,1,0,0,0
chr11,47341220,G,A,rs768380030,0,0,0,0
chr11,47341221,T,C,rs372371774,1,0,0,0
chr11,47341223,G,A,rs397515929,0,0,0,1
chr11,47341230,G,A,rs730880551,0,0,1,0
chr11,47341232,C,T,rs397515927,0,0,0,0
chr11,47341252,G,A,.,0,0,0,0
chr11,47341253,G,T,rs776017963,0,0,0,0
chr11,47341734,G,A,rs10838696,0,0,0,0
chr11,47341984,C,T,rs374852831,0,0,0,0
chr11,47341991,C,T,rs727503195,0,0,0,1
chr11,47341992,G,A,rs201596087,1,0,0,0
chr11,47341995,C,T,rs199728019,0,0,0,1
chr11,47341996,G,A,rs572227730,0,0,0,0
chr11,47342015,C,T,rs397515923,1,0,0,0
chr11,47342022,C,T,rs730880526,0,0,0,1
chr11,47342023,G,A,rs727505203,0,0,0,0
chr11,47342060,C,T,rs397515922,0,0,0,1
chr11,47342061,G,A,.,0,0,0,1
chr11,47342061,G,T,.,0,0,0,1
chr11,47342096,G,A,.,1,0,0,0
chr11,47342109,C,T,rs727503198,1,0,0,0
chr11,47342110,G,A,rs751052593,0,0,0,0
chr11,47342127,C,A,rs727504887,0,0,0,1
chr11,47342129,A,T,.,1,0,0,0
chr11,47342143,C,T,.,1,0,0,0
chr11,47342162,G,A,.,0,0,0,0
chr11,47342558,GC,G,rs756595230,0,0,0,0
chr11,47342560,C,G,.,0,0,0,0
chr11,47342563,C,CT,rs369096037,0,0,0,0
chr11,47342564,C,G,.,0,0,0,0
chr11,47342565,C,G,.,0,0,0,1
chr11,47342565,C,T,.,0,0,0,0
chr11,47342574,T,A,rs397515916,0,1,0,0
chr11,47342578,C,G,rs121909374,0,1,0,0
chr11,47342586,A,G,.,1,0,0,0
chr11,47342594,A,T,rs200224422,0,0,0,1
chr11,47342598,A,G,rs730880548,1,0,0,0
chr11,47342600,C,T,rs370945942,0,0,0,0
chr11,47342601,G,A,rs374349666,1,0,0,0
chr11,47342609,C,T,rs727503199,0,0,0,0
chr11,47342611,C,G,.,0,0,1,0
chr11,47342611,C,T,.,0,0,0,1
chr11,47342612,G,A,rs763905291,0,0,0,0
chr11,47342624,T,A,.,0,0,0,0
chr11,47342624,T,C,.,0,0,0,0
chr11,47342636,C,T,rs376041792,0,0,0,1
chr11,47342637,G,A,rs370362589,1,0,0,0
chr11,47342639,G,A,rs367915627,0,0,0,0
chr11,47342648,C,T,rs372499440,1,0,0,0
chr11,47342656,C,T,rs730880545,1,0,0,0
chr11,47342657,G,A,rs771230605,0,0,0,0
chr11,47342658,T,C,rs181834806,0,0,0,1
chr11,47342662,T,C,rs727503200,1,0,0,0
chr11,47342684,G,A,rs397515908,0,0,0,0
chr11,47342686,CCTT,C,rs727504287,0,0,0,1
chr11,47342703,T,G,rs761672176,1,0,0,0
chr11,47342708,G,C,rs397515906,0,0,0,0
chr11,47342719,G,A,.,0,1,0,0
chr11,47342734,C,G,.,1,0,0,0
chr11,47342735,G,A,.,0,0,0,0
chr11,47342749,C,T,rs746542705,0,0,0,0
chr11,47342750,C,T,.,0,0,0,1
chr11,47342751,G,A,rs397515904,0,0,0,0
chr11,47342761,G,A,rs3729945,0,0,0,0
chr11,47342810,C,A,rs377491959,0,0,0,0
chr11,47342842,G,A,rs370285346,1,0,0,0
chr11,47342865,C,G,.,1,0,0,0
chr11,47342865,C,T,.,0,0,0,0
chr11,47342876,C,T,.,1,0,0,0
chr11,47342878,C,T,rs776734314,1,0,0,0
chr11,47342895,C,T,.,0,0,0,0
chr11,47342901,G,T,.,1,0,0,0
chr11,47342913,G,A,.,0,0,0,0
chr11,47342915,G,A,rs377577698,1,0,0,0
chr11,47342916,C,T,rs538072263,0,0,0,0
chr11,47342917,G,A,rs370538243,0,0,0,1
chr11,47342930,G,C,rs749310275,1,0,0,0
chr11,47342940,C,T,.,0,0,0,0
chr11,47342951,G,A,.,0,0,0,0
chr11,47343017,C,T,rs777487971,0,0,0,1
chr11,47343034,C,T,rs757182984,0,0,0,0
chr11,47343037,C,T,rs727503205,0,0,0,0
chr11,47343051,C,T,rs193922377,0,0,0,1
chr11,47343052,G,A,rs368192024,0,0,0,1
chr11,47343053,C,T,rs142317339,1,0,0,0
chr11,47343063,C,T,.,1,0,0,0
chr11,47343064,G,A,rs759826878,0,0,0,0
chr11,47343070,G,A,rs190228518,0,0,0,0
chr11,47343078,C,T,rs371167525,1,0,0,0
chr11,47343085,C,T,rs778718628,1,0,0,0
chr11,47343086,G,A,.,0,0,0,1
chr11,47343090,A,G,rs758253767,0,0,0,0
chr11,47343094,G,A,rs746770543,0,0,0,0
chr11,47343112,G,T,.,0,0,0,0
chr11,47343116,C,T,.,0,0,1,0
chr11,47343117,G,A,.,1,0,0,0
chr11,47343117,G,T,.,1,0,0,0
chr11,47343129,T,G,.,0,0,0,1
chr11,47343149,G,C,rs113628269,0,0,0,0
chr11,47343154,G,T,rs11570079,1,0,0,0
chr11,47343155,G,A,rs374673836,0,0,0,1
chr11,47343158,C,T,rs397515893,0,0,0,1
chr11,47343163,G,T,rs761365956,0,0,0,0
chr11,47343254,A,G,rs397515892,1,0,0,0
chr11,47343342,C,T,.,0,1,0,0
chr11,47343463,C,T,rs11570078,0,0,0,0
chr11,47343493,T,G,rs730880638,1,0,0,0
chr11,47343496,C,T,rs727505266,1,0,0,0
chr11,47343497,G,A,rs748558425,0,0,0,0
chr11,47343498,C,T,.,1,0,0,0
chr11,47343533,G,T,.,1,0,0,0
chr11,47343536,C,T,rs770549835,0,0,0,0
chr11,47343542,G,A,rs377328238,0,0,0,0
chr11,47343562,C,T,rs772073491,1,0,0,0
chr11,47343563,G,A,.,0,0,0,1
chr11,47343566,C,A,.,0,0,0,0
chr11,47343591,A,T,.,1,0,0,0
chr11,47343592,C,T,rs727503208,1,0,0,0
chr11,47343602,C,T,.,1,0,0,0
chr11,47343603,G,A,.,1,0,0,0
chr11,47343655,C,T,rs7940442,0,0,0,0
chr11,47343663,G,A,rs11570075,0,0,0,0
chr11,47343725,A,G,rs11570072,0,0,0,0
chr11,47343821,C,A,.,0,0,0,0
chr11,47346207,C,T,.,0,1,0,0
chr11,47346212,C,CT,rs730880723,0,1,0,0
chr11,47346217,C,G,rs730880632,0,0,1,0
chr11,47346223,A,T,rs775464343,1,0,0,0
chr11,47346225,C,A,.,1,0,0,0
chr11,47346225,C,T,rs746267533,1,0,0,0
chr11,47346227,C,T,rs199741162,0,0,0,1
chr11,47346241,G,C,rs375007425,0,0,0,1
chr11,47346258,C,T,rs397515884,1,0,0,0
chr11,47346259,G,A,rs758016271,0,0,0,1
chr11,47346260,C,T,rs397515883,1,0,0,0
chr11,47346261,G,A,.,1,0,0,0
chr11,47346273,C,T,rs397515882,0,0,0,1
chr11,47346274,G,A,rs754469813,0,0,0,0
chr11,47346276,C,T,rs397515881,1,0,0,0
chr11,47346277,G,A,rs556616131,0,0,0,0
chr11,47346298,G,A,.,0,0,0,1
chr11,47346303,C,T,rs397516086,1,0,0,0
chr11,47346333,A,G,rs730880708,1,0,0,0
chr11,47346336,C,T,.,0,0,0,1
chr11,47346337,G,A,.,0,0,0,0
chr11,47346341,T,G,rs545675333,1,0,0,0
chr11,47346364,C,G,.,0,0,0,1
chr11,47346364,C,T,.,0,0,0,0
chr11,47346379,C,T,rs397516083,0,1,0,0
chr11,47346380,G,A,.,0,0,0,1
chr11,47346602,G,T,.,0,0,0,0
chr11,47346630,G,A,.,1,0,0,0
chr11,47346636,C,T,rs373204728,1,0,0,0
chr11,47346637,G,A,rs753884765,1,0,0,0
chr11,47346644,G,A,rs200713257,0,0,0,0
chr11,47346664,G,A,rs377262354,0,0,0,0
chr11,47347014,C,T,.,0,0,0,0
chr11,47347036,C,A,rs397516079,0,0,0,1
chr11,47347037,A,G,rs370245341,0,0,0,0
chr11,47347040,G,A,.,1,0,0,0
chr11,47347426,C,T,.,1,0,0,0
chr11,47347449,G,A,.,0,0,0,0
chr11,47347493,C,A,rs751278539,0,0,0,1
chr11,47347499,G,T,.,0,0,0,0
chr11,47347633,G,A,rs377287239,0,0,0,0
chr11,47347634,G,T,rs544916876,0,0,0,0
chr11,47347652,T,A,.,1,0,0,0
chr11,47347657,C,T,rs761520688,1,0,0,0
chr11,47347660,C,T,rs11570060,1,0,0,0
chr11,47347661,G,A,.,1,0,0,0
chr11,47347661,G,C,.,1,0,0,0
chr11,47347668,TC,T,rs727503212,0,1,0,0
chr11,47347685,G,C,.,1,0,0,0
chr11,47347856,C,T,.,0,1,0,0
chr11,47347861,G,A,rs551119259,1,0,0,0
chr11,47347879,G,C,rs370941975,0,0,0,1
chr11,47347892,G,A,rs11570058,0,0,0,0
chr11,47347918,G,T,.,0,0,0,0
chr11,47347919,G,A,rs752062035,0,0,0,0
chr11,47348169,A,G,rs2596403,0,0,0,0
chr11,47348209,C,G,rs11570057,0,0,0,0
chr11,47348414,G,A,rs375525278,0,0,0,1
chr11,47348415,C,A,.,0,0,0,0
chr11,47348424,C,T,rs397516074,0,1,0,0
chr11,47348425,G,A,.,0,0,0,0
chr11,47348444,T,A,rs368588523,1,0,0,0
chr11,47348451,A,G,rs397516071,1,0,0,0
chr11,47348475,C,G,.,0,0,0,1
chr11,47348475,C,T,.,1,0,0,0
chr11,47348483,C,T,rs727504396,1,0,0,0
chr11,47348512,A,C,.,0,0,0,1
chr11,47348515,G,A,rs756894628,0,0,0,0
chr11,47348520,T,C,.,1,0,0,0
chr11,47348529,C,T,rs397516069,1,0,0,0
chr11,47348530,G,A,rs371331114,0,0,0,0
chr11,47348537,T,C,rs779693951,1,0,0,0
chr11,47348556,G,T,.,0,0,0,0
chr11,47348559,C,T,rs113249211,0,0,0,0
chr11,47348757,T,C,rs112007313,0,0,0,0
chr11,47349481,A,C,rs2697919,0,0,0,0
chr11,47349756,C,T,rs758836172,0,0,0,0
chr11,47349757,G,A,rs369864892,0,0,0,0
chr11,47349762,C,T,rs397516065,0,0,0,0
chr11,47349777,G,A,.,0,0,0,0
chr11,47349779,T,C,rs138753870,0,0,0,1
chr11,47349780,G,A,rs777418402,0,0,0,1
chr11,47349782,C,T,rs201098973,0,0,0,1
chr11,47349783,G,A,rs397516064,0,0,0,0
chr11,47349785,G,A,rs397516063,0,0,0,1
chr11,47349788,C,T,rs769167548,0,0,0,1
chr11,47349789,G,A,rs727504858,0,0,0,0
chr11,47349798,G,A,rs762695516,0,0,0,0
chr11,47349804,C,G,rs202139499,0,0,0,1
chr11,47349824,T,G,rs730880623,0,0,0,1
chr11,47349826,C,T,.,1,0,0,0
chr11,47349830,T,C,rs370554185,1,0,0,0
chr11,47349832,A,G,rs878853835,1,0,0,0
chr11,47349858,C,T,.,0,0,0,0
chr11,47349861,G,C,.,0,0,0,0
chr11,47349870,C,A,.,0,0,0,0
chr11,47349870,C,T,.,0,0,0,0
chr11,47349871,G,A,rs727503216,1,0,0,0
chr11,47349875,T,G,.,1,0,0,0
chr11,47349879,G,A,rs368604485,0,0,0,0
chr11,47349888,G,A,rs371842442,0,0,0,0
chr11,47349891,G,A,rs11570051,0,0,0,0
chr11,47349897,G,A,rs368035400,0,0,0,1
chr11,47349898,C,T,rs201012766,0,0,0,0
chr11,47349899,G,A,rs193922385,1,0,0,0
chr11,47349911,T,C,rs727505168,1,0,0,0
chr11,47349933,AG,A,rs11570050,0,0,0,0
chr11,47349939,G,A,.,0,0,0,0
chr11,47350005,C,T,.,0,0,0,0
chr11,47350008,A,G,.,1,0,0,0
chr11,47350014,C,T,.,1,0,0,0
chr11,47350017,C,T,rs569740494,0,0,0,1
chr11,47350018,G,A,rs397516054,0,0,0,1
chr11,47350024,C,G,rs730880619,0,0,0,1
chr11,47350027,G,A,rs3218719,0,0,0,0
chr11,47350041,G,A,rs193068692,0,0,0,1
chr11,47350048,G,A,rs150291001,0,0,0,1
chr11,47350052,A,G,rs730880616,1,0,0,0
chr11,47350053,G,C,.,1,0,0,0
chr11,47350055,C,A,.,1,0,0,0
chr11,47350058,A,G,rs373946195,0,0,0,1
chr11,47350061,G,T,rs756328813,1,0,0,0
chr11,47350068,C,T,rs397516051,1,0,0,0
chr11,47350069,G,A,.,0,0,0,0
chr11,47350069,G,C,.,0,0,0,0
chr11,47350077,C,T,rs397516050,0,0,0,1
chr11,47350083,T,C,.,1,0,0,0
chr11,47350083,T,G,.,1,0,0,0
chr11,47350085,G,T,rs768309693,1,0,0,0
chr11,47350101,C,G,rs730880614,0,0,0,1
chr11,47350111,C,G,.,0,0,0,0
chr11,47350112,C,G,.,1,0,0,0
chr11,47350117,G,A,rs371312567,0,0,0,0
chr11,47350503,T,C,rs727504318,0,0,0,1
chr11,47350506,G,A,rs397516046,0,0,0,0
chr11,47350536,G,A,rs11570046,0,0,0,0
chr11,47350536,G,T,.,0,0,0,0
chr11,47350544,C,T,rs754633960,1,0,0,0
chr11,47350545,C,T,rs780768974,0,0,0,0
chr11,47350546,G,A,rs551888783,0,0,0,1
chr11,47350568,T,C,rs730880612,1,0,0,0
chr11,47350586,G,A,.,1,0,0,0
chr11,47350591,G,C,.,1,0,0,0
chr11,47350603,G,A,rs730880610,1,0,0,0
chr11,47350621,G,A,.,0,0,0,0
chr11,47350826,G,C,rs2071304,0,0,0,0
chr11,47351198,C,G,rs3729985,0,0,0,0
chr11,47351230,G,A,rs752388318,0,0,0,0
chr11,47351260,C,T,.,1,0,0,0
chr11,47351261,G,A,rs367990952,0,0,0,0
chr11,47351268,A,T,rs730880583,1,0,0,0
chr11,47351285,A,G,rs372502369,0,0,0,1
chr11,47351290,C,A,.,1,0,0,0
chr11,47351291,T,C,rs770089112,0,0,0,0
chr11,47351292,G,C,.,1,0,0,0
chr11,47351293,C,A,.,1,0,0,0
chr11,47351293,C,T,rs730880700,1,0,0,0
chr11,47351294,G,A,.,0,0,0,1
chr11,47351308,C,T,rs375471260,0,0,0,1
chr11,47351324,C,G,rs397515946,0,0,0,0
chr11,47351325,C,T,rs397515945,0,0,0,1
chr11,47351326,G,A,.,1,0,0,0
chr11,47351337,G,A,rs753300898,1,0,0,0
chr11,47351344,G,A,rs373315466,1,0,0,0
chr11,47351347,T,G,rs377225516,0,0,0,1
chr11,47351365,C,T,rs397515918,0,0,0,1
chr11,47351380,C,A,.,1,0,0,0
chr11,47351381,G,A,rs368918487,0,0,0,0
chr11,47351381,G,T,.,1,0,0,0
chr11,47351383,T,C,rs373164247,0,0,0,1
chr11,47351384,G,A,rs774273586,0,0,0,0
chr11,47351384,G,C,.,1,0,0,0
chr11,47351399,G,A,.,0,0,0,1
chr11,47351400,C,T,rs369205562,1,0,0,0
chr11,47351401,G,A,rs557439091,1,0,0,0
chr11,47351409,C,T,rs764849803,1,0,0,0
chr11,47351410,G,A,.,1,0,0,0
chr11,47351413,C,T,rs780085131,1,0,0,0
chr11,47351421,C,T,.,1,0,0,0
chr11,47351423,T,C,rs754870909,0,0,0,0
chr11,47351424,G,T,rs376646845,1,0,0,0
chr11,47351427,C,T,rs397515885,1,0,0,0
chr11,47351428,G,A,.,1,0,0,0
chr11,47351437,C,T,.,0,0,0,1
chr11,47351438,G,A,rs397516085,0,0,0,0
chr11,47351449,C,T,rs776834755,0,0,0,0
chr11,47351450,G,A,rs761547225,0,0,0,0
chr11,47351457,C,T,rs371140684,0,0,0,1
chr11,47351464,C,T,.,1,0,0,0
chr11,47351465,G,A,rs765986295,0,0,0,0
chr11,47351481,C,T,.,1,0,0,0
chr11,47351482,G,A,rs747857800,1,0,0,0
chr11,47351485,G,A,rs730880573,0,0,0,1
chr11,47351490,T,C,rs779049126,1,0,0,0
chr11,47351507,T,C,rs376395543,0,1,0,0
chr11,47352613,C,T,rs368489793,0,0,0,1
chr11,47352636,C,T,rs377292092,0,0,0,0
chr11,47352637,G,A,rs748689012,1,0,0,0
chr11,47352652,A,G,.,0,0,0,0
chr11,47352657,C,T,rs567307744,1,0,0,0
chr11,47353038,G,A,rs11570042,0,0,0,0
chr12,110910911,C,T,rs376236989,1,0,0,0
chr12,110910975,G,T,rs542961456,1,0,0,0
chr12,110911067,G,A,rs193922452,1,0,0,0
chr12,110911095,G,A,.,0,0,0,0
chr12,110911104,G,A,.,0,0,0,0
chr12,110911109,G,A,rs777223055,1,0,0,0
chr12,110911110,C,T,rs137984206,0,0,0,0
chr12,110911113,C,G,.,0,0,0,0
chr12,110911119,C,G,rs149078011,1,0,0,0
chr12,110911122,G,A,rs199815885,0,0,0,0
chr12,110911131,G,A,rs397516405,0,0,0,0
chr12,110911142,C,T,rs370075755,1,0,0,0
chr12,110911143,G,A,rs766907447,0,0,0,0
chr12,110911148,G,A,.,1,0,0,0
chr12,110911148,G,C,.,1,0,0,0
chr12,110911149,G,C,rs374328118,0,0,0,0
chr12,110911150,G,A,rs727504341,1,0,0,0
chr12,110911160,C,T,.,1,0,0,0
chr12,110911165,A,T,rs748760581,1,0,0,0
chr12,110911176,C,G,rs199474813,0,1,0,0
chr12,110911183,G,A,.,0,0,0,0
chr12,110911190,C,G,.,0,0,0,0
chr12,110913003,G,A,rs61940351,0,0,0,0
chr12,110913090,C,G,rs749765328,0,0,0,1
chr12,110913097,T,G,rs143139258,0,0,0,1
chr12,110913111,C,T,rs774686046,0,0,0,0
chr12,110913117,C,T,rs2233261,0,0,0,0
chr12,110913118,G,A,rs141878747,1,0,0,0
chr12,110913123,C,T,rs190020833,0,0,0,0
chr12,110913124,G,A,rs375667565,1,0,0,0
chr12,110913132,C,A,rs374439285,1,0,0,0
chr12,110913139,C,T,rs192057022,1,0,0,0
chr12,110913140,G,A,.,1,0,0,0
chr12,110913144,G,A,rs750193844,1,0,0,0
chr12,110913150,G,A,.,0,0,0,0
chr12,110913152,G,C,.,0,0,0,0
chr12,110913195,G,A,.,0,0,0,0
chr12,110913198,CA,C,rs369884745,0,0,0,0
chr12,110913199,A,AG,rs142220381,0,0,0,0
chr12,110913225,TC,T,rs3833910,0,0,0,0
chr12,110913230,C,T,rs572363699,0,0,0,0
chr12,110913234,G,T,rs186323458,0,0,0,0
chr12,110913239,C,T,rs764227154,0,0,0,0
chr12,110913240,A,T,rs372824804,1,0,0,0
chr12,110913257,C,T,rs199572927,0,0,0,0
chr12,110913284,C,G,rs768415509,0,0,0,0
chr12,110913295,C,T,rs369868176,1,0,0,0
chr12,110913296,G,A,.,0,0,0,0
chr12,110913301,G,C,rs573898913,1,0,0,0
chr12,110913320,C,T,rs28645088,0,0,0,0
chr12,110913325,C,T,rs764312941,1,0,0,0
chr12,110913332,G,A,rs765328765,0,0,0,0
chr12,110913338,C,G,rs375703502,0,0,0,1
chr12,110913382,C,T,rs2071629,0,0,0,0
chr12,110913400,T,G,rs146401175,0,0,0,0
chr12,110914177,C,CAT,.,1,0,0,0
chr12,110914177,C,T,rs371405579,0,0,0,1
chr12,110914178,G,A,rs397516400,0,0,0,0
chr12,110914204,A,G,rs765287559,1,0,0,0
chr12,110914217,C,A,rs368851472,0,0,0,0
chr12,110914231,T,C,rs373475989,1,0,0,0
chr12,110914238,C,T,rs372644111,0,0,0,0
chr12,110914244,C,T,rs376506450,0,0,0,0
chr12,110914257,T,C,rs752456288,1,0,0,0
chr12,110914271,AT,A,.,1,0,0,0
chr12,110914276,T,A,rs201728041,1,0,0,0
chr12,110914286,T,C,rs777225996,0,0,0,0
chr12,110914288,G,T,.,0,0,0,0
chr12,110914302,AAC,A,rs764824483,0,0,0,0
chr12,110914304,C,G,.,0,0,0,0
chr12,110914309,A,G,rs115522476,0,0,0,0
chr12,110914344,A,G,.,0,0,0,0
chr12,110914443,T,C,rs76474479,0,0,0,0
chr12,110915721,C,A,rs727504425,0,0,0,1
chr12,110915737,C,T,rs749936467,0,0,0,0
chr12,110915742,C,G,.,1,0,0,0
chr12,110915742,C,T,.,1,0,0,0
chr12,110915743,G,A,.,0,0,0,0
chr12,110915743,G,T,.,1,0,0,0
chr12,110915752,A,G,rs2301610,0,0,0,0
chr12,110915759,C,T,rs863225117,0,0,0,1
chr12,110915783,G,A,rs876657894,1,0,0,0
chr12,110919102,ACCT,A,rs751392310,0,0,0,1
chr12,110919133,C,A,.,1,0,0,0
chr12,110919134,G,A,rs779983470,0,0,0,0
chr12,110919148,C,T,rs730880943,1,0,0,0
chr12,110919155,G,A,rs878853980,0,0,0,0
chr12,110919161,G,A,rs139794370,0,0,0,0
chr12,110919164,C,T,rs199742269,0,0,0,0
chr12,110919166,C,T,.,1,0,0,0
chr12,110919169,C,T,rs730880942,1,0,0,0
chr12,110919174,T,C,.,1,0,0,0
chr12,110919177,T,C,.,1,0,0,0
chr12,110919183,T,C,rs730880941,1,0,0,0
chr12,110919193,C,T,.,1,0,0,0
chr12,110919198,G,A,.,0,0,0,0
chr12,110919200,G,GA,.,0,0,0,0
chr12,110919201,A,G,rs750730703,0,0,0,0
chr12,110919202,A,T,.,0,0,0,0
chr12,110919206,AG,A,rs531661702,0,0,0,0
chr12,110919207,G,A,rs12301951,0,0,0,0
chr12,110919211,C,T,rs730880933,0,0,0,0
chr12,110920430,G,A,rs2233258,0,0,0,0
chr12,110920462,C,T,rs76139625,0,0,0,0
chr12,110920518,T,C,rs201763406,0,0,0,1
chr12,110920531,G,A,rs730880938,0,0,0,0
chr12,110920532,T,C,.,0,0,0,0
chr12,110920557,G,A,rs377590769,0,0,0,0
chr12,110920575,C,T,rs368048109,0,0,0,0
chr12,110920601,A,G,.,1,0,0,0
chr14,23408270,C,G,rs79618123,0,0,0,0
chr14,23408281,C,T,rs142094404,0,0,0,0
chr14,23412741,C,T,rs17794387,0,0,0,0
chr14,23412749,A,G,rs200550717,0,0,0,1
chr14,23412773,C,T,.,1,0,0,0
chr14,23412834,C,T,rs45548631,0,0,0,0
chr14,23412977,T,G,rs7149517,0,0,0,0
chr14,23413033,T,G,rs2754150,0,0,0,0
chr14,23413093,C,T,rs12882128,0,0,0,0
chr14,23413646,A,G,rs2331979,0,0,0,0
chr14,23413744,A,C,rs199975761,0,0,0,0
chr14,23413745,A,T,rs370553746,1,0,0,0
chr14,23413762,C,T,rs397516257,0,0,0,1
chr14,23413770,T,A,rs767300277,1,0,0,0
chr14,23413775,C,T,rs752553589,1,0,0,0
chr14,23413788,G,A,.,1,0,0,0
chr14,23413788,G,T,.,0,0,0,0
chr14,23413792,C,G,.,1,0,0,0
chr14,23413800,C,A,rs397516255,1,0,0,0
chr14,23413813,G,A,rs200728597,0,0,0,0
chr14,23413819,C,T,rs776940948,0,0,0,0
chr14,23413820,G,A,.,1,0,0,0
chr14,23413822,C,T,rs761750159,0,0,0,0
chr14,23413824,G,A,.,1,0,0,0
chr14,23413824,G,T,.,0,0,0,0
chr14,23413831,T,G,rs45523233,0,0,0,1
chr14,23413840,C,T,.,0,0,0,0
chr14,23413845,C,G,.,1,0,0,0
chr14,23413846,G,A,.,0,0,0,0
chr14,23413859,C,T,rs727503240,0,0,0,1
chr14,23413860,G,A,rs756655803,1,0,0,0
chr14,23413862,A,C,.,1,0,0,0
chr14,23413878,T,C,.,1,0,0,0
chr14,23413888,C,T,rs730880727,0,0,0,0
chr14,23413897,C,T,.,0,0,0,0
chr14,23413898,G,A,rs200231434,0,0,0,0
chr14,23413901,A,C,rs397516251,1,0,0,0
chr14,23413902,G,A,rs781212482,0,0,0,0
chr14,23413975,C,T,rs3729833,0,0,0,0
chr14,23413986,G,A,rs3729499,0,0,0,0
chr14,23414007,C,T,rs753392652,0,1,0,0
chr14,23414016,G,A,rs730880726,0,0,0,0
chr14,23414023,C,T,rs867477685,1,0,0,0
chr14,23414025,C,T,rs367580423,0,0,0,0
chr14,23414074,C,T,rs45520836,1,0,0,0
chr14,23414075,G,A,rs376668612,1,0,0,0
chr14,23414088,C,T,rs529784690,0,0,0,0
chr14,23414100,C,T,rs368706722,0,0,0,0
chr14,23414104,T,TG,rs762612534,0,0,0,1
chr14,23414108,G,A,rs767956231,0,0,0,0
chr14,23414109,G,A,.,0,0,0,0
chr14,23414114,A,C,rs587781086,0,0,0,0
chr14,23414116,G,T,rs375621171,0,0,0,0
chr14,23414390,G,A,.,0,0,0,0
chr14,23414928,T,A,rs3729832,0,0,0,0
chr14,23414987,C,T,rs377473156,0,0,0,0
chr14,23414988,G,A,rs758428001,0,0,0,0
chr14,23414990,C,T,rs371177871,1,0,0,0
chr14,23414991,G,A,rs727504319,0,0,0,1
chr14,23415013,G,T,rs770583523,0,0,0,0
chr14,23415017,C,T,rs757803046,1,0,0,0
chr14,23415024,C,T,rs730880821,0,0,0,1
chr14,23415027,T,C,rs200157204,1,0,0,0
chr14,23415046,C,T,rs754171610,0,0,0,0
chr14,23415047,G,A,.,0,0,0,1
chr14,23415054,C,T,.,0,0,0,1
chr14,23415055,G,A,rs3729831,0,0,0,1
chr14,23415059,C,T,rs730880820,1,0,0,0
chr14,23415060,G,A,.,1,0,0,0
chr14,23415070,G,A,rs202175645,0,0,0,0
chr14,23415073,C,T,rs368848344,0,0,0,0
chr14,23415083,T,C,rs760218400,1,0,0,0
chr14,23415095,C,T,rs371855540,1,0,0,0
chr14,23415096,G,C,.,1,0,0,0
chr14,23415101,C,T,rs730880819,1,0,0,0
chr14,23415103,C,G,.,0,0,0,0
chr14,23415103,C,T,.,0,0,0,0
chr14,23415118,C,T,.,0,0,0,0
chr14,23415132,C,T,rs369940645,0,0,0,1
chr14,23415133,G,A,.,0,0,0,0
chr14,23415133,G,T,.,0,0,0,0
chr14,23415142,G,C,rs147433856,0,0,0,0
chr14,23415143,G,C,.,1,0,0,0
chr14,23415154,G,A,rs556490774,0,0,0,0
chr14,23415157,T,C,rs200374977,0,0,0,0
chr14,23415160,G,A,rs777053791,0,0,0,1
chr14,23415168,G,A,rs748598020,1,0,0,0
chr14,23415193,T,C,rs201171029,0,0,0,0
chr14,23415212,C,T,rs397516246,0,0,0,1
chr14,23415214,C,T,rs752882625,0,0,0,0
chr14,23415226,G,A,rs765263589,0,0,0,1
chr14,23415249,G,T,rs139222507,1,0,0,0
chr14,23415261,T,C,rs770165807,1,0,0,0
chr14,23415267,C,T,rs727504355,1,0,0,0
chr14,23415268,G,A,.,0,0,0,0
chr14,23415273,G,A,rs759821521,1,0,0,0
chr14,23415315,C,A,.,0,0,0,0
chr14,23415362,G,A,rs45582836,0,0,0,0
chr14,23415374,G,A,rs772148835,0,0,0,0
chr14,23415384,C,T,rs374803185,0,0,0,0
chr14,23415385,G,A,rs727505294,1,0,0,0
chr14,23415392,C,A,rs878853839,1,0,0,0
chr14,23415411,A,G,rs776282574,0,0,0,0
chr14,23415421,C,T,rs200303340,0,0,0,1
chr14,23415443,C,T,.,1,0,0,0
chr14,23415448,G,A,.,1,0,0,0
chr14,23415461,A,T,rs144066768,1,0,0,0
chr14,23415473,C,T,rs876657885,1,0,0,0
chr14,23415481,T,C,.,1,0,0,0
chr14,23415518,G,A,.,0,0,0,0
chr14,23415521,G,A,rs369453980,0,0,0,0
chr14,23415647,C,T,rs369562442,0,0,0,1
chr14,23415651,C,T,rs193922390,0,0,1,0
chr14,23415656,A,G,.,0,0,0,0
chr14,23415659,A,G,rs760420056,0,0,0,0
chr14,23415671,C,T,rs397516239,0,0,0,0
chr14,23415680,C,T,rs3729830,0,0,0,0
chr14,23415690,C,T,rs146778113,1,0,0,0
chr14,23415715,C,T,rs45464193,1,0,0,0
chr14,23415716,G,A,.,0,0,0,0
chr14,23415721,G,A,.,1,0,0,0
chr14,23415756,C,T,rs730880914,1,0,0,0
chr14,23415757,G,A,rs377461670,1,0,0,0
chr14,23415759,C,T,.,1,0,0,0
chr14,23415760,G,A,rs753115999,1,0,0,0
chr14,23415766,C,T,rs397516235,1,0,0,0
chr14,23415767,G,A,rs139518691,0,0,0,0
chr14,23415773,G,A,.,0,0,0,1
chr14,23415790,C,T,rs747993770,1,0,0,0
chr14,23415794,G,A,.,0,0,0,1
chr14,23415794,G,T,.,0,0,0,1
chr14,23415801,C,A,.,1,0,0,0
chr14,23415801,C,T,.,1,0,0,0
chr14,23415802,G,A,rs773977507,1,0,0,0
chr14,23415806,T,C,.,0,0,0,0
chr14,23415806,T,G,.,0,0,0,0
chr14,23415812,G,A,rs374289523,0,0,0,0
chr14,23415832,C,A,.,1,0,0,0
chr14,23415873,C,T,rs149904793,0,0,0,0
chr14,23415987,C,T,rs376604168,0,0,0,0
chr14,23415991,T,A,rs373509029,0,0,0,0
chr14,23415999,A,G,.,0,0,0,0
chr14,23416016,C,T,.,0,0,0,0
chr14,23416041,G,A,.,1,0,0,0
chr14,23416045,C,T,.,1,0,0,0
chr14,23416046,G,A,rs151113658,0,0,0,0
chr14,23416048,C,T,rs141122361,1,0,0,0
chr14,23416049,G,A,rs150241539,0,0,0,1
chr14,23416053,A,G,rs145822086,1,0,0,0
chr14,23416063,C,T,rs565663412,1,0,0,0
chr14,23416064,G,A,rs369164804,0,0,0,0
chr14,23416067,G,A,.,0,0,0,0
chr14,23416085,C,A,.,1,0,0,0
chr14,23416085,C,T,rs766561921,0,0,0,1
chr14,23416089,T,C,.,1,0,0,0
chr14,23416093,G,A,rs397516231,1,0,0,0
chr14,23416125,G,A,rs757090529,1,0,0,0
chr14,23416126,C,A,rs730880913,1,0,0,0
chr14,23416129,C,G,rs730880810,0,0,0,1
chr14,23416130,G,A,rs587781085,0,0,0,0
chr14,23416135,G,A,rs746571601,1,0,0,0
chr14,23416140,C,T,rs373514686,0,0,0,1
chr14,23416150,C,T,rs730880809,1,0,0,0
chr14,23416154,C,T,rs397516228,0,0,0,1
chr14,23416169,C,T,rs146858930,0,0,0,0
chr14,23416170,G,A,rs774540446,1,0,0,0
chr14,23416182,C,T,.,1,0,0,0
chr14,23416183,G,A,.,1,0,0,0
chr14,23416185,A,T,rs730880808,1,0,0,0
chr14,23416195,G,A,.,1,0,0,0
chr14,23416232,C,T,rs45476496,0,0,0,0
chr14,23416236,C,T,rs779715863,1,0,0,0
chr14,23416241,G,A,rs7140196,0,0,0,0
chr14,23416248,G,T,rs730880807,1,0,0,0
chr14,23416278,C,T,rs730880806,1,0,0,0
chr14,23416286,C,T,rs200601164,0,0,0,0
chr14,23416289,G,T,rs762762532,0,0,0,1
chr14,23416298,G,A,rs570079347,0,0,0,1
chr14,23416307,G,A,.,0,0,0,0
chr14,23416308,G,A,rs730880912,1,0,0,0
chr14,23416485,G,A,rs7140721,0,0,0,0
chr14,23416585,A,G,rs146641667,0,0,0,0
chr14,23416863,C,G,.,1,0,0,0
chr14,23416871,G,A,rs376854724,0,0,0,0
chr14,23416894,G,A,rs368734580,0,0,0,0
chr14,23416907,G,A,rs746261895,0,0,0,0
chr14,23416922,T,C,rs768723855,0,0,0,0
chr14,23416923,C,T,rs730880803,1,0,0,0
chr14,23416924,G,A,.,1,0,0,0
chr14,23416946,A,G,rs2754155,0,0,0,0
chr14,23416954,C,T,rs763683589,1,0,0,0
chr14,23416955,G,A,rs150552664,0,0,0,1
chr14,23416980,T,A,.,1,0,0,0
chr14,23416981,C,T,.,1,0,0,0
chr14,23416987,T,G,rs397516221,0,0,0,1
chr14,23416991,C,T,rs543139794,0,0,0,0
chr14,23417003,A,G,rs778736821,0,0,0,0
chr14,23417007,C,T,rs200886528,0,0,0,0
chr14,23417017,G,A,rs45503601,0,0,0,0
chr14,23417147,G,A,rs370779504,0,0,0,1
chr14,23417152,C,G,rs876661374,1,0,0,0
chr14,23417157,C,A,.,0,0,0,0
chr14,23417157,C,T,.,0,0,0,0
chr14,23417159,G,A,rs139928934,0,0,0,0
chr14,23417172,C,T,rs199995198,0,0,0,0
chr14,23417183,T,A,.,0,0,0,0
chr14,23417185,T,G,rs397516218,0,0,0,1
chr14,23417213,C,T,rs766909770,1,0,0,0
chr14,23417214,G,A,rs571704020,0,0,0,0
chr14,23417220,G,A,rs61737803,0,0,0,0
chr14,23417232,C,A,.,1,0,0,0
chr14,23417262,C,T,rs578166720,0,0,0,1
chr14,23417277,C,T,.,0,0,0,1
chr14,23417278,G,A,.,1,0,0,0
chr14,23417282,G,A,rs754829218,1,0,0,0
chr14,23417283,C,T,rs781203524,0,0,0,0
chr14,23417309,C,T,rs876661373,1,0,0,0
chr14,23417323,C,T,.,1,0,0,0
chr14,23417324,C,T,rs368078397,0,0,0,0
chr14,23417325,G,A,.,1,0,0,0
chr14,23417328,G,C,.,0,0,0,0
chr14,23417379,T,A,rs559916092,0,0,0,0
chr14,23417461,C,T,rs3729822,0,0,0,0
chr14,23417486,C,T,rs45581933,0,0,0,0
chr14,23417493,C,T,rs202205780,0,0,0,0
chr14,23417495,G,T,rs201253277,0,0,0,0
chr14,23417497,G,A,rs765398896,0,0,0,1
chr14,23417498,C,T,.,1,0,0,0
chr14,23417508,C,T,rs397516211,1,0,0,0
chr14,23417509,G,A,rs182311329,0,0,0,0
chr14,23417509,G,C,.,1,0,0,0
chr14,23417513,T,A,rs753484341,1,0,0,0
chr14,23417535,C,A,rs745414245,1,0,0,0
chr14,23417549,T,C,.,1,0,0,0
chr14,23417562,C,T,rs144200285,1,0,0,0
chr14,23417563,G,A,rs45560242,0,0,0,1
chr14,23417566,C,A,rs372476972,0,0,0,0
chr14,23417573,A,G,rs727503244,0,0,0,1
chr14,23417581,G,A,.,0,0,0,0
chr14,23417605,G,C,rs763934978,0,0,0,0
chr14,23417617,C,G,.,0,0,0,0
chr14,23417617,C,T,.,0,0,0,0
chr14,23417618,G,A,rs730880796,0,0,0,1
chr14,23417618,G,T,.,1,0,0,0
chr14,23417629,G,C,rs148788346,0,0,0,1
chr14,23417637,C,T,rs730880795,1,0,0,0
chr14,23417641,C,T,rs748551470,0,0,0,0
chr14,23417643,C,T,.,1,0,0,0
chr14,23417646,C,T,rs371552806,1,0,0,0
chr14,23417656,A,G,rs760638048,1,0,0,0
chr14,23417659,T,A,rs730880725,0,0,0,1
chr14,23417668,C,A,.,0,0,0,0
chr14,23417668,C,T,.,0,0,0,1
chr14,23417669,C,T,rs370069461,1,0,0,0
chr14,23417670,G,A,rs730880793,1,0,0,0
chr14,23417674,G,A,rs765895405,0,0,0,1
chr14,23417691,C,T,rs755468667,1,0,0,0
chr14,23417694,G,T,rs199632504,0,0,0,0
chr14,23417701,G,T,rs370438666,0,0,0,0
chr14,23417901,G,A,rs45618635,0,0,0,0
chr14,23418221,G,A,.,0,0,0,1
chr14,23418234,C,T,rs727504325,0,0,0,1
chr14,23418241,T,C,rs777589215,1,0,0,0
chr14,23418245,G,A,rs770630028,0,0,0,1
chr14,23418247,C,G,.,1,0,0,0
chr14,23418248,C,A,.,0,0,0,0
chr14,23418248,C,T,.,0,0,0,0
chr14,23418273,G,C,.,1,0,0,0
chr14,23418281,C,T,rs534379369,0,0,0,0
chr14,23418282,G,A,rs767000995,1,0,0,0
chr14,23418296,A,C,rs754295295,0,0,0,0
chr14,23418301,C,T,rs373231077,1,0,0,0
chr14,23418302,G,A,rs45523835,0,0,0,0
chr14,23418314,G,A,rs142469226,0,0,0,0
chr14,23418326,C,T,rs397516200,0,0,0,0
chr14,23418327,G,A,rs370403289,1,0,0,0
chr14,23418337,C,T,.,1,0,0,0
chr14,23418348,C,T,rs797045097,0,0,0,1
chr14,23418359,G,A,rs374499515,0,0,0,0
chr14,23418369,C,T,rs368575559,1,0,0,0
chr14,23418374,C,T,rs144465613,0,0,0,0
chr14,23418375,G,A,rs397516199,1,0,0,0
chr14,23418385,C,T,rs397516198,1,0,0,0
chr14,23418386,G,A,rs200288088,0,0,0,0
chr14,23418397,C,T,rs372727092,1,0,0,0
chr14,23418398,G,A,.,0,0,0,0
chr14,23418402,T,C,rs730880786,1,0,0,0
chr14,23418404,C,T,.,1,0,0,0
chr14,23418436,T,C,rs7159367,0,0,0,0
chr14,23418582,G,A,rs145971261,0,0,0,0
chr14,23418655,C,T,.,0,0,0,0
chr14,23418656,G,A,rs10136106,0,0,0,0
chr14,23418974,C,T,rs28631169,0,0,0,0
chr14,23419114,T,TG,rs34598192,1,0,0,0
chr14,23419161,C,T,rs114978322,0,0,0,0
chr14,23419162,G,A,.,0,0,0,0
chr14,23419189,C,T,rs147797612,0,0,0,1
chr14,23419207,G,A,.,0,0,0,0
chr14,23419231,G,A,rs144420313,0,0,0,0
chr14,23419266,C,T,rs730880785,0,0,0,1
chr14,23419283,C,T,.,1,0,0,0
chr14,23419284,G,A,rs180824037,1,0,0,0
chr14,23419285,G,C,rs45501694,0,0,0,0
chr14,23419288,C,G,rs150292548,0,0,0,0
chr14,23419288,C,T,.,0,0,0,0
chr14,23419293,C,T,rs397516196,1,0,0,0
chr14,23419300,G,A,rs752385694,0,0,0,0
chr14,23419309,A,C,rs371212384,1,0,0,0
chr14,23419345,C,T,rs140017584,0,0,0,0
chr14,23419371,G,A,rs186111066,0,0,0,0
chr14,23419456,A,T,rs2277475,0,0,0,0
chr14,23419462,G,A,rs45584435,0,0,0,0
chr14,23419469,T,A,rs375422678,0,0,0,0
chr14,23419473,C,G,rs567188710,0,0,0,0
chr14,23419476,G,A,rs45467397,0,0,0,0
chr14,23419490,G,C,.,0,0,0,0
chr14,23419506,C,T,rs397516195,1,0,0,0
chr14,23419507,G,A,.,1,0,0,0
chr14,23419522,C,T,rs730880906,0,0,0,1
chr14,23419533,C,T,.,1,0,0,0
chr14,23419535,C,G,rs200000290,0,0,0,1
chr14,23419547,C,A,.,0,0,0,1
chr14,23419547,C,T,.,0,0,0,0
chr14,23419550,C,T,rs45497796,0,0,0,0
chr14,23419555,T,G,rs193922389,1,0,0,0
chr14,23419557,C,T,rs747308839,1,0,0,0
chr14,23419558,G,A,rs755386220,1,0,0,0
chr14,23419559,G,A,.,0,0,0,0
chr14,23419562,C,T,rs199653953,0,0,0,0
chr14,23419565,A,G,rs375219617,0,0,0,0
chr14,23419588,G,A,rs727503249,0,0,1,0
chr14,23419588,G,C,.,0,0,0,1
chr14,23419614,G,T,.,1,0,0,0
chr14,23419828,G,A,rs377463081,0,0,0,0
chr14,23419839,G,A,rs377745688,0,0,0,1
chr14,23419870,T,G,rs745970387,1,0,0,0
chr14,23419881,G,A,rs370750044,0,0,0,1
chr14,23419889,G,A,rs560995739,0,0,0,0
chr14,23419895,G,C,rs876661211,1,0,0,0
chr14,23419902,C,T,.,0,0,0,0
chr14,23419905,G,A,rs397516191,0,0,0,0
chr14,23419932,C,T,.,0,0,0,0
chr14,23419934,C,T,rs397516182,1,0,0,0
chr14,23419950,G,C,.,0,0,0,1
chr14,23419950,G,T,.,0,0,0,0
chr14,23419957,T,C,.,1,0,0,0
chr14,23419973,C,T,rs375283149,1,0,0,0
chr14,23419980,G,A,.,0,0,0,0
chr14,23419982,C,T,.,1,0,0,0
chr14,23420007,A,G,rs45587932,0,0,0,0
chr14,23420013,C,T,.,1,0,0,0
chr14,23420020,T,A,rs546586969,1,0,0,0
chr14,23420088,G,C,rs778909719,1,0,0,0
chr14,23420092,T,C,.,1,0,0,0
chr14,23420096,C,T,rs730880776,1,0,0,0
chr14,23420097,G,C,.,0,0,0,0
chr14,23420109,G,A,rs397516185,0,0,0,1
chr14,23420111,C,T,.,1,0,0,0
chr14,23420120,C,G,.,1,0,0,0
chr14,23420220,C,T,rs45554236,0,0,0,0
chr14,23420222,C,A,rs141735183,0,0,1,0
chr14,23420550,G,T,.,0,0,0,0
chr14,23420963,G,A,.,1,0,0,0
chr14,23420970,G,C,.,0,0,0,0
chr14,23420993,C,T,rs367546859,1,0,0,0
chr14,23421000,C,A,.,1,0,0,0
chr14,23421000,C,G,.,1,0,0,0
chr14,23421008,C,A,rs45478699,1,0,0,0
chr14,23421021,G,A,rs200664031,0,0,0,0
chr14,23421024,G,A,rs760840698,0,0,0,0
chr14,23421033,C,T,rs371937608,0,0,0,0
chr14,23421065,A,T,rs766164113,0,0,0,0
chr14,23422031,G,C,rs483352965,1,0,0,0
chr14,23422056,A,G,rs17092021,0,0,0,0
chr14,23422177,T,A,.,1,0,0,0
chr14,23422184,T,C,rs730880771,1,0,0,0
chr14,23422185,C,T,rs776886972,0,0,0,0
chr14,23422189,C,T,rs727504342,1,0,0,0
chr14,23422190,G,A,.,0,0,0,1
chr14,23422209,G,A,rs146256500,0,0,0,0
chr14,23422227,G,C,.,1,0,0,0
chr14,23422254,G,A,rs758822596,0,0,0,1
chr14,23422257,C,G,rs747198710,1,0,0,0
chr14,23422267,C,T,rs587782962,0,0,1,0
chr14,23422268,G,A,rs730880903,0,0,0,1
chr14,23422269,C,T,rs138294643,0,0,0,0
chr14,23422272,C,T,rs45540831,0,0,0,0
chr14,23422273,G,A,rs727504358,1,0,0,0
chr14,23422277,G,A,.,1,0,0,0
chr14,23422277,G,T,.,0,0,0,1
chr14,23422278,C,T,.,0,0,0,1
chr14,23422287,C,T,rs201195256,1,0,0,0
chr14,23422288,A,C,rs763760498,1,0,0,0
chr14,23422291,C,A,.,0,0,0,1
chr14,23422291,C,T,.,1,0,0,0
chr14,23422292,G,A,rs45611033,0,0,1,0
chr14,23422300,T,C,.,1,0,0,0
chr14,23422309,T,C,rs199573700,1,0,0,0
chr14,23422315,G,T,.,1,0,0,0
chr14,23422327,T,G,rs759013925,1,0,0,0
chr14,23422427,C,T,rs79015823,0,0,0,0
chr14,23423372,T,C,rs8019322,0,0,0,0
chr14,23423547,A,T,.,1,0,0,0
chr14,23423552,C,T,rs730880765,0,0,1,0
chr14,23423567,G,A,rs763501840,0,0,0,0
chr14,23423601,G,A,rs150607954,0,0,0,0
chr14,23423610,G,A,rs145379951,0,0,0,0
chr14,23423611,G,T,rs779973529,0,0,0,1
chr14,23423636,G,C,rs730880762,1,0,0,0
chr14,23423658,C,T,.,0,0,0,0
chr14,23423665,T,C,.,1,0,0,0
chr14,23423670,C,T,rs368728770,0,0,0,0
chr14,23423679,A,G,rs7157716,0,0,0,0
chr14,23423683,A,C,.,1,0,0,0
chr14,23423701,A,G,rs145532615,0,0,0,0
chr14,23423729,G,A,rs587781082,0,0,0,0
chr14,23423730,A,T,rs746915271,1,0,0,0
chr14,23423741,C,T,rs7157087,0,0,0,0
chr14,23423825,G,A,rs7155989,0,0,0,0
chr14,23423845,G,A,rs545354807,0,0,0,0
chr14,23423901,C,G,rs781192476,0,0,0,1
chr14,23423907,C,T,rs147727900,0,0,0,0
chr14,23423921,C,T,.,1,0,0,0
chr14,23423922,G,A,rs142573531,0,0,0,0
chr14,23423939,C,G,rs45496496,0,0,0,1
chr14,23423961,A,G,rs140718120,0,0,0,1
chr14,23423967,G,A,.,0,0,0,0
chr14,23423970,G,A,rs370800700,0,0,0,1
chr14,23423974,C,G,.,1,0,0,0
chr14,23423975,T,G,rs529099974,0,0,0,0
chr14,23423983,T,A,rs397516175,1,0,0,0
chr14,23424006,G,A,rs727503251,0,0,0,0
chr14,23424007,C,T,rs765458590,1,0,0,0
chr14,23424024,C,T,rs201032556,0,0,0,0
chr14,23424053,G,C,rs575013686,1,0,0,0
chr14,23424060,G,A,.,0,0,0,0
chr14,23424064,A,G,rs771599539,0,0,0,1
chr14,23424102,G,T,.,0,0,0,0
chr14,23424137,G,A,.,0,0,0,1
chr14,23424244,G,A,rs45457293,0,0,0,0
chr14,23424506,A,C,rs10150821,0,0,0,0
chr14,23424509,G,C,rs57800623,0,0,0,0
chr14,23424762,G,A,rs368653983,0,0,0,0
chr14,23424769,C,T,rs765038766,1,0,0,0
chr14,23424771,C,T,rs750204313,1,0,0,0
chr14,23424808,C,G,rs753565218,1,0,0,0
chr14,23424810,G,A,rs748621952,0,0,0,0
chr14,23424811,G,A,rs199915408,0,0,0,0
chr14,23424841,G,A,.,0,0,0,0
chr14,23424849,C,T,rs558673680,1,0,0,0
chr14,23424850,G,A,.,0,0,0,0
chr14,23424854,T,C,.,0,1,0,0
chr14,23424862,C,T,.,0,0,0,0
chr14,23424863,G,A,rs149576470,1,0,0,0
chr14,23424870,T,C,.,1,0,0,0
chr14,23424873,G,A,.,1,0,0,0
chr14,23424878,G,A,rs397516158,1,0,0,0
chr14,23424892,C,T,.,1,0,0,0
chr14,23424895,G,T,rs144291282,0,0,0,0
chr14,23424922,A,G,rs554560162,0,0,0,1
chr14,23424934,C,T,rs45560638,0,0,0,0
chr14,23424940,G,C,.,1,0,0,0
chr14,23424949,G,A,rs397516151,0,0,0,0
chr14,23424976,G,A,.,0,0,0,1
chr14,23424976,G,C,.,0,0,0,0
chr14,23424992,C,T,rs773009513,1,0,0,0
chr14,23425029,AG,A,rs748311799,1,0,0,0
chr14,23425082,C,T,rs45571436,0,0,0,0
chr14,23425263,T,C,rs746018500,0,0,0,0
chr14,23425285,C,T,rs141414377,0,0,0,1
chr14,23425317,G,A,rs397516144,0,0,0,0
chr14,23425327,C,T,rs730880896,0,0,0,1
chr14,23425330,G,A,.,1,0,0,0
chr14,23425347,C,T,.,0,0,0,0
chr14,23425356,G,A,rs139882431,0,0,0,0
chr14,23425358,G,A,.,0,0,0,1
chr14,23425371,G,A,.,0,0,0,1
chr14,23425400,G,A,rs45606737,0,0,0,0
chr14,23425404,G,A,rs768380939,0,0,0,0
chr14,23425410,G,A,.,0,0,0,0
chr14,23425422,C,T,.,0,0,0,0
chr14,23425737,G,A,.,0,0,0,0
chr14,23425752,C,T,.,0,0,0,0
chr14,23425757,C,T,rs769396106,1,0,0,0
chr14,23425775,T,C,rs397516138,0,0,0,1
chr14,23425797,C,G,.,0,0,0,0
chr14,23425797,C,T,.,0,0,0,0
chr14,23425834,T,A,rs199538267,0,0,0,0
chr14,23425947,T,G,.,0,0,0,0
chr14,23425955,C,T,rs765279420,0,0,0,1
chr14,23425960,C,T,rs145738465,0,0,0,0
chr14,23425963,C,T,rs752554104,1,0,0,0
chr14,23425978,C,G,rs755760309,0,0,0,0
chr14,23425981,G,A,rs146675572,0,0,0,0
chr14,23425989,T,C,.,1,0,0,0
chr14,23425992,G,A,rs749007293,1,0,0,0
chr14,23426005,T,C,.,0,0,0,0
chr14,23426020,G,T,.,0,0,0,0
chr14,23426035,A,G,rs140380523,0,0,0,0
chr14,23426059,G,T,.,0,0,0,0
chr14,23426062,CA,C,.,1,0,0,0
chr14,23426066,G,T,rs747382784,1,0,0,0
chr14,23426072,TC,T,.,1,0,0,0
chr14,23426074,C,T,rs727503262,0,0,0,1
chr14,23426270,C,A,rs28475411,0,0,0,0
chr14,23426655,A,G,rs148878295,0,0,0,0
chr14,23426738,T,A,rs3729817,0,0,0,0
chr14,23426782,G,A,.,1,0,0,0
chr14,23426793,A,G,rs145564868,0,0,0,1
chr14,23426838,G,A,rs146474860,0,0,0,1
chr14,23426871,C,T,.,0,0,0,0
chr14,23427120,C,T,rs45463697,0,0,0,0
chr14,23427128,C,T,rs483352953,1,0,0,0
chr14,23427270,C,T,rs397516126,0,0,0,0
chr14,23427283,G,A,rs369935820,1,0,0,0
chr14,23427293,T,A,.,1,0,0,0
chr14,23427572,A,C,rs727504516,0,0,0,0
chr14,23427577,C,A,rs200668471,0,0,0,1
chr14,23427584,C,T,.,1,0,0,0
chr14,23427585,G,A,rs397516124,1,0,0,0
chr14,23427586,C,T,.,0,0,0,1
chr14,23427666,C,T,.,1,0,0,0
chr14,23427701,A,G,rs775089432,1,0,0,0
chr14,23427706,G,A,rs3729816,0,0,0,0
chr14,23427718,G,A,.,0,0,0,1
chr14,23427718,G,T,.,0,0,0,1
chr14,23427724,G,A,.,0,0,0,1
chr14,23427730,G,A,rs747113847,0,0,0,0
chr14,23427774,G,A,rs771771163,1,0,0,0
chr14,23427792,C,T,.,0,0,0,1
chr14,23427793,G,A,rs763574368,0,0,0,0
chr14,23427802,C,A,.,0,0,0,1
chr14,23427802,C,T,.,0,0,0,1
chr14,23427841,G,A,.,0,0,0,1
chr14,23427848,T,C,rs863224645,1,0,0,0
chr14,23427865,C,T,.,0,0,0,0
chr14,23427868,T,C,rs2069543,0,0,0,0
chr14,23427894,G,A,.,1,0,0,0
chr14,23427941,G,A,rs45525037,0,0,0,0
chr14,23427965,A,G,rs45606643,0,0,0,0
chr14,23428257,G,A,rs1951154,0,0,0,0
chr14,23428298,T,C,rs2754163,0,0,0,0
chr14,23428313,A,T,rs150747712,0,0,0,0
chr14,23428559,C,T,rs558212108,1,0,0,0
chr14,23428560,G,A,rs397516108,0,0,0,0
chr14,23428596,A,G,rs587781088,0,0,0,0
chr14,23428599,CAT,C,rs727504336,1,0,0,0
chr14,23428617,C,T,rs759736393,0,0,0,0
chr14,23428632,G,A,rs775745470,0,0,0,0
chr14,23428678,G,T,rs764196309,0,0,0,0
chr14,23428711,TG,T,rs45490796,0,0,0,0
chr14,23428787,G,A,rs3729814,0,0,0,0
chr14,23428952,C,T,.,1,0,0,0
chr14,23428955,A,G,rs112172952,0,0,0,0
chr14,23428957,C,T,.,1,0,0,0
chr14,23428958,G,A,rs140218676,0,0,0,0
chr14,23428967,G,A,rs45508293,0,0,0,0
chr14,23428992,A,G,rs397516103,0,0,0,1
chr14,23428994,G,A,rs766216871,0,0,0,1
chr14,23428997,G,A,.,0,0,0,0
chr14,23429021,C,T,.,0,0,0,1
chr14,23429024,G,A,rs147327560,0,0,0,0
chr14,23429028,G,A,rs752349938,1,0,0,0
chr14,23429030,A,G,rs397516099,0,0,0,0
chr14,23429037,C,T,rs730880870,0,0,0,1
chr14,23429038,G,A,rs148808089,0,1,0,0
chr14,23429039,C,T,rs397516096,0,0,0,0
chr14,23429047,T,A,.,1,0,0,0
chr14,23429057,C,T,rs863224644,1,0,0,0
chr14,23429061,C,T,rs786205356,0,0,0,0
chr14,23429096,A,G,rs141519877,0,0,0,0
chr14,23429101,T,C,rs747189113,1,0,0,0
chr14,23429235,G,C,rs370628924,0,0,0,0
chr14,23429256,G,A,.,0,0,0,0
chr14,23429286,G,A,rs374806617,0,0,0,0
chr14,23429295,C,T,rs139506719,0,0,0,1
chr14,23429307,G,A,rs143293426,0,0,0,1
chr14,23429360,G,A,.,0,0,0,0
chr14,23429361,G,A,rs397516091,0,0,0,1
chr14,23429784,C,T,.,1,0,0,0
chr14,23429785,G,A,.,0,0,0,0
chr14,23429794,C,T,rs572672362,0,0,0,0
chr14,23429795,G,A,rs730880924,1,0,0,0
chr14,23429803,C,T,.,0,0,0,0
chr14,23429818,C,T,rs735711,0,0,0,0
chr14,23429830,G,A,rs145091844,0,0,0,0
chr14,23429848,G,A,.,0,0,0,0
chr14,23429851,G,A,rs735712,0,0,0,0
chr14,23429911,G,A,rs34803781,0,0,0,0
chr14,23429914,C,T,.,0,0,1,0
chr14,23429920,G,A,rs200129563,0,0,0,1
chr14,23430385,C,T,rs115459715,0,0,0,0
chr14,23430406,C,T,rs144090216,0,0,0,0
chr14,23430500,C,A,rs182035869,0,0,0,0
chr14,23430516,A,G,rs3729810,0,0,0,0
chr14,23430551,C,T,.,0,0,0,0
chr14,23430569,C,A,.,1,0,0,0
chr14,23430583,C,G,rs372731424,0,0,0,1
chr14,23430584,G,A,rs2231124,0,0,0,0
chr14,23430591,A,G,.,0,0,0,1
chr14,23430602,G,A,rs368699342,0,0,0,0
chr14,23430629,A,G,rs111626355,0,0,0,0
chr14,23430634,C,T,rs730880923,1,0,0,0
chr14,23430635,G,A,rs762065412,0,0,0,0
chr14,23430649,T,A,rs730880858,1,0,0,0
chr14,23430884,C,T,rs45580436,0,0,0,0
chr14,23430889,G,A,.,0,0,0,0
chr14,23430889,G,T,.,0,0,0,1
chr14,23430902,C,T,rs147062651,0,0,0,1
chr14,23430943,T,C,rs748692506,1,0,0,0
chr14,23430978,ACT,A,.,1,0,0,0
chr14,23430995,A,G,.,0,0,0,1
chr14,23431009,G,T,rs757287735,0,0,0,1
chr14,23431015,GAGA,G,rs372245426,0,0,0,0
chr14,23431016,A,G,rs532401716,0,0,0,0
chr14,23431411,C,T,rs369286647,0,0,0,0
chr14,23431469,G,A,.,1,0,0,0
chr14,23431477,T,C,rs730880851,1,0,0,0
chr14,23431484,G,A,rs765068619,0,0,0,1
chr14,23431490,A,G,.,0,0,0,0
chr14,23431585,G,A,rs2069542,0,0,0,0
chr14,23431603,G,A,rs202141819,0,0,0,1
chr14,23431611,C,T,rs397516261,1,0,0,0
chr14,23431633,C,T,.,0,0,0,0
chr14,23431653,G,T,.,1,0,0,0
chr14,23431748,G,A,.,1,0,0,0
chr14,23431756,C,A,rs765724983,1,0,0,0
chr14,23431767,C,T,rs587781087,0,0,0,0
chr14,23431773,C,T,.,0,0,0,0
chr14,23431790,G,A,.,0,0,0,1
chr14,23431803,T,C,rs2069541,0,0,0,0
chr14,23431850,T,G,rs730880843,0,0,0,1
chr14,23431860,G,T,.,0,0,0,1
chr14,23431869,G,A,rs200035152,0,0,0,0
chr14,23431884,G,T,rs559147441,0,0,0,0
chr14,23432013,C,T,rs73587633,0,0,0,0
chr14,23432043,G,A,rs7151241,0,0,0,0
chr14,23432185,G,T,rs73587634,0,0,0,0
chr14,23432236,C,T,rs74039322,0,0,0,0
chr14,23432340,T,C,rs28615777,0,0,0,0
chr14,23432372,G,T,rs114763452,0,0,0,0
chr14,23432478,C,T,.,1,0,0,0
chr14,23432479,G,A,rs752930302,1,0,0,0
chr14,23432486,G,A,rs756407787,0,0,0,0
chr14,23432510,T,C,rs376022200,0,0,0,0
chr14,23432514,G,T,.,0,0,0,0
chr14,23432621,C,T,.,0,0,0,0
chr14,23432648,T,C,rs730880839,1,0,0,0
chr14,23432661,G,A,rs45500700,0,0,0,0
chr14,23432667,G,A,.,0,0,0,0
chr14,23432685,G,C,rs554968385,0,0,0,0
chr14,23432688,C,T,.,0,0,0,0
chr14,23432697,G,A,rs374466146,0,0,0,0
chr14,23432711,C,T,.,1,0,0,0
chr14,23432712,C,T,.,0,0,0,0
chr14,23432729,C,T,.,1,0,0,0
chr14,23432737,G,T,.,0,0,0,1
chr14,23432745,C,A,.,0,0,0,0
chr14,23432745,C,T,.,0,0,0,0
chr14,23432768,C,T,.,0,0,0,0
chr14,23432769,G,A,rs755855267,0,0,0,0
chr14,23432787,C,T,rs368925624,0,0,0,0
chr14,23432791,T,A,rs201012865,0,0,0,1
chr14,23433084,G,A,rs149439730,0,0,0,1
chr14,23433102,G,A,rs36211408,0,0,0,0
chr14,23433129,C,T,rs757141502,0,0,0,1
chr14,23433131,C,T,.,1,0,0,0
chr14,23433132,G,A,rs140245862,0,0,0,0
chr14,23433168,G,A,rs148560996,0,0,0,0
chr14,23433176,C,T,.,1,0,0,0
chr14,23433188,G,A,.,1,0,0,0
chr14,23433189,G,A,rs200493975,0,0,0,1
chr14,23433218,C,T,rs730880830,1,0,0,0
chr14,23433219,G,A,rs774429242,0,0,0,0
chr14,23433225,T,G,.,0,0,0,0
chr14,23433411,A,G,rs3729995,0,0,0,0
chr14,23433544,G,A,rs2069540,0,0,0,0
chr14,23433550,G,C,rs370743876,0,0,0,0
chr14,23433566,C,G,rs727504870,1,0,0,0
chr14,23433572,C,T,.,1,0,0,0
chr14,23433573,G,A,.,1,0,0,0
chr14,23433579,C,T,rs730880919,1,0,0,0
chr14,23433580,G,A,rs373145667,0,0,0,0
chr14,23433619,G,A,rs146210693,0,0,0,1
chr14,23433649,G,C,rs200930470,0,0,0,0
chr14,23433655,C,T,rs746119986,0,0,0,0
chr14,23433666,G,A,rs730880828,1,0,0,0
chr14,23433683,C,T,rs727503280,1,0,0,0
chr14,23433696,C,T,rs759231966,1,0,0,0
chr14,23433697,G,A,rs766884630,0,0,0,0
chr14,23433704,C,G,rs730880826,0,0,0,1
chr14,23433705,C,G,.,0,0,0,1
chr14,23433721,C,T,rs45561941,0,0,0,0
chr14,23433722,G,A,rs758659692,1,0,0,0
chr14,23433844,A,G,rs45446495,0,0,0,0
chr14,23434207,G,A,.,0,0,0,0
chr14,23434214,T,C,.,0,0,0,0
chr14,23434221,G,A,rs45497293,0,0,0,0
chr14,23434247,G,A,rs45566639,0,0,0,1
chr14,23434265,AG,A,.,0,0,0,0
chr14,23435603,C,T,rs755110593,0,0,0,0
chr15,34788137,G,A,rs140004011,1,0,0,0
chr15,34788151,T,C,.,1,0,0,0
chr15,34788206,G,C,.,1,0,0,0
chr15,34788224,A,G,.,1,0,0,0
chr15,34788322,T,C,rs604689,0,0,0,0
chr15,34788359,C,A,rs79955486,0,0,0,0
chr15,34788425,C,T,.,1,0,0,0
chr15,34788493,C,T,rs557782296,1,0,0,0
chr15,34788519,G,A,rs185151197,1,0,0,0
chr15,34788602,G,A,.,1,0,0,0
chr15,34788610,G,A,rs563318028,1,0,0,0
chr15,34788612,G,A,.,1,0,0,0
chr15,34788631,G,A,rs560065427,1,0,0,0
chr15,34788638,C,T,.,1,0,0,0
chr15,34788663,G,A,.,1,0,0,0
chr15,34788680,C,G,rs750495564,1,0,0,0
chr15,34788730,T,C,rs533021,0,0,0,0
chr15,34788738,G,A,rs112660730,0,0,0,0
chr15,34788899,A,G,rs113063427,0,0,0,0
chr15,34788910,C,A,.,1,0,0,0
chr15,34788941,C,T,.,1,0,0,0
chr15,34788967,G,C,rs8037241,0,0,0,0
chr15,34789094,A,C,rs759530643,1,0,0,0
chr15,34789109,G,C,rs764944789,1,0,0,0
chr15,34789150,C,G,rs189725849,1,0,0,0
chr15,34789193,G,A,rs139559367,1,0,0,0
chr15,34789279,C,A,rs750686235,1,0,0,0
chr15,34789342,T,G,.,1,0,0,0
chr15,34789373,C,T,rs589759,0,0,0,0
chr15,34789408,T,C,rs116034611,0,0,0,0
chr15,34789429,G,A,rs549986676,1,0,0,0
chr15,34789485,C,T,.,1,0,0,0
chr15,34789493,CT,C,rs34323254,0,0,0,0
chr15,34789537,C,G,rs73387693,0,0,0,0
chr15,34789544,A,C,rs80139141,0,0,0,0
chr15,34789547,A,G,.,1,0,0,0
chr15,34789556,C,T,rs79104010,0,0,0,0
chr15,34789566,C,T,rs78596978,0,0,0,0
chr15,34789631,C,T,rs145085048,0,0,0,0
chr15,34789655,C,T,rs78727649,0,0,0,0
chr15,34789656,G,A,.,1,0,0,0
chr15,34789670,G,C,rs746732857,1,0,0,0
chr15,34789675,G,A,rs868013105,1,0,0,0
chr15,34789724,A,C,rs116184851,0,0,0,0
chr15,34789733,G,C,.,1,0,0,0
chr15,34789766,G,T,.,1,0,0,0
chr15,34789822,T,C,.,1,0,0,0
chr15,34789828,A,C,.,1,0,0,0
chr15,34789894,T,C,rs115295911,0,0,0,0
chr15,34789928,G,A,rs563713498,1,0,0,0
chr15,34789940,A,G,rs1370155,0,0,0,0
chr15,34790019,C,A,.,1,0,0,0
chr15,34790024,C,T,rs1370154,0,0,0,0
chr15,34790143,G,A,rs74009720,0,0,0,0
chr15,34790198,C,T,rs540240407,1,0,0,0
chr15,34790275,T,A,rs149031785,0,0,0,0
chr15,34790372,C,T,rs377546862,1,0,0,0
chr15,34790373,G,A,rs3729758,1,0,0,0
chr15,34790390,G,A,rs28730667,0,0,0,0
chr15,34790392,A,T,rs143407466,1,0,0,0
chr15,34790411,C,A,.,1,0,0,0
chr15,34790434,A,G,rs730880407,0,0,0,1
chr15,34790447,C,T,rs370256882,1,0,0,0
chr15,34790454,G,A,rs140261885,0,0,0,0
chr15,34790493,C,G,.,0,0,0,1
chr15,34790493,C,T,.,0,0,0,0
chr15,34790541,A,G,.,0,0,0,0
chr15,34790565,G,A,.,0,0,0,0
chr15,34790568,A,G,.,0,0,0,0
chr15,34790817,G,A,rs116419104,0,0,0,0
chr15,34790878,G,A,rs73387696,0,0,0,0
chr15,34791050,G,A,rs2307494,0,0,0,0
chr15,34791177,A,G,rs2307493,0,0,0,0
chr15,34791201,T,C,.,0,0,0,1
chr15,34791218,A,G,.,0,0,0,1
chr15,34791303,C,T,rs767180775,0,0,0,0
chr15,34791304,G,A,rs752499457,0,0,0,0
chr15,34791599,C,T,rs62006139,0,0,0,0
chr15,34791905,T,C,rs3729757,0,0,0,0
chr15,34791921,C,T,rs3729756,0,0,0,0
chr15,34792089,C,G,rs730880400,1,0,0,0
chr15,34792181,C,T,rs369019849,0,0,0,0
chr15,34792235,G,A,.,0,0,0,0
chr15,34792246,G,A,rs760269526,0,0,0,0
chr15,34792265,G,A,rs199947846,0,0,0,0
chr15,34792288,A,G,rs750536667,0,0,0,0
chr15,34792291,T,C,.,0,0,0,0
chr15,34792393,GAC,G,rs749539033,0,0,0,0
chr15,34792402,A,G,rs574862389,0,0,0,1
chr15,34792415,G,A,.,0,0,0,0
chr15,34792487,A,T,.,0,0,0,1
chr15,34792511,G,A,rs145023222,0,0,0,0
chr15,34792526,G,A,rs370082904,0,0,0,0
chr15,34792539,G,A,.,1,0,0,0
chr15,34792559,C,T,rs397517062,0,0,0,0
chr15,34792568,G,A,rs771310484,0,0,0,0
chr15,34792575,C,T,.,1,0,0,0
chr15,34792576,G,A,.,0,0,0,0
chr15,34792812,T,A,rs76891510,0,0,0,0
chr15,34793000,C,T,rs2070664,0,0,0,0
chr15,34793236,C,T,rs148695567,0,0,0,0
chr15,34793252,A,G,.,0,0,0,0
chr15,34793276,C,T,.,0,0,0,0
chr15,34793285,G,T,.,0,0,0,0
chr15,34793300,G,A,rs764630691,0,0,0,0
chr15,34793330,C,T,rs768169477,0,0,0,0
chr15,34793366,C,T,rs774767260,0,0,0,0
chr15,34793388,G,A,.,1,0,0,0
chr15,34793390,G,A,rs769303249,0,0,0,0
chr15,34793399,G,A,rs141322728,0,0,0,0
chr15,34793405,C,T,rs397517058,0,0,0,0
chr15,34793429,G,A,rs138812333,0,0,0,1
chr15,34793453,G,A,rs373261583,0,0,0,0
chr15,34793480,G,A,rs376566924,0,0,0,0
chr15,34793519,G,T,.,0,0,0,0
chr15,34793533,C,T,.,1,0,0,0
chr15,34793534,G,A,rs149432225,0,0,0,0
chr15,34793558,C,A,.,0,0,0,0
chr15,34793578,A,G,rs147406641,0,0,0,0
chr15,34793696,C,G,rs7165006,0,0,0,0
chr15,34794361,A,C,rs77247635,0,0,0,0
chr15,34794455,CAGGGAG,C,rs527292617,0,0,0,0
chr15,34794562,C,T,rs78848103,0,0,0,0
chr15,34794648,G,T,rs76013827,0,0,0,0
chr15,34794656,C,CG,rs796419242,0,0,0,1
chr15,34794660,G,GA,rs386134228,0,0,0,1
chr15,34794662,G,T,rs368977747,0,0,0,0
chr15,34794680,C,T,rs878854753,1,0,0,0
chr15,34794692,G,A,rs751851323,0,0,0,0
chr15,34794708,G,A,.,1,0,0,0
chr15,34794716,A,G,.,0,0,0,0
chr15,34794725,C,A,.,0,0,0,0
chr15,34794726,G,A,rs397517072,1,0,0,0
chr15,34794737,C,G,.,0,0,0,0
chr15,34794752,C,CTG,rs730880387,1,0,0,0
chr15,34794781,G,T,rs397517057,0,0,0,1
chr15,34794790,T,A,rs746748461,1,0,0,0
chr15,34794804,C,T,.,1,0,0,0
chr15,34794820,T,C,rs372036883,1,0,0,0
chr15,34794845,G,C,rs368171271,0,0,0,0
chr15,34795042,T,A,rs115016806,0,0,0,0
chr15,34795491,C,A,rs566201991,0,0,0,1
chr15,34795519,G,C,.,0,0,0,1
chr15,34795527,C,T,.,0,0,0,0
chr15,34795532,C,CCGG,.,1,0,0,0
chr15,34795533,C,T,rs139691739,0,0,0,0
chr15,34795540,A,G,.,0,0,0,0
chr15,34795584,C,A,.,1,0,0,0
chr15,34795592,G,T,.,1,0,0,0
chr15,34795711,G,T,rs370499568,1,0,0,0
chr15,63042321,C,A,rs3809567,0,0,0,0
chr15,63042410,C,G,rs3809568,0,0,0,0
chr15,63042436,C,G,rs3825973,0,0,0,0
chr15,63042489,G,C,rs35829897,0,0,0,0
chr15,63042499,C,G,.,0,0,0,0
chr15,63042624,G,A,rs17525848,0,0,0,0
chr15,63042644,G,A,rs541046450,1,0,0,0
chr15,63042645,G,C,.,1,0,0,0
chr15,63042716,G,A,.,1,0,0,0
chr15,63042724,C,T,.,1,0,0,0
chr15,63042736,G,C,rs530410579,1,0,0,0
chr15,63042782,C,T,.,1,0,0,0
chr15,63042783,G,T,.,1,0,0,0
chr15,63042789,C,T,.,0,0,0,0
chr15,63042817,C,A,.,1,0,0,0
chr15,63042823,C,A,.,1,0,0,0
chr15,63042856,G,A,rs397516365,0,0,0,1
chr15,63042860,C,T,rs766883758,0,0,0,0
chr15,63042891,G,T,rs730881151,0,0,0,1
chr15,63042893,G,A,rs397516382,1,0,0,0
chr15,63042904,G,T,.,0,0,0,0
chr15,63042911,G,C,.,0,0,0,1
chr15,63042916,G,A,rs530234301,0,0,0,0
chr15,63042933,G,A,.,1,0,0,0
chr15,63042933,G,C,rs730881152,1,0,0,0
chr15,63042947,T,C,rs745777320,0,0,0,0
chr15,63042957,C,T,rs576659891,0,0,0,1
chr15,63043692,G,T,rs587780971,0,0,0,0
chr15,63043693,C,T,.,0,0,0,0
chr15,63043696,C,G,.,0,0,0,0
chr15,63043696,C,T,rs562829514,0,0,0,0
chr15,63043708,C,G,rs201720832,0,0,0,0
chr15,63043711,G,A,rs397516491,0,0,0,0
chr15,63043720,C,T,.,0,0,0,0
chr15,63043752,A,T,rs730881132,0,0,0,1
chr15,63043765,C,T,rs74573041,0,0,0,0
chr15,63043766,C,T,rs746952638,0,0,0,1
chr15,63043783,G,A,.,0,0,0,0
chr15,63043813,C,G,.,0,0,0,0
chr15,63043814,G,C,.,1,0,0,0
chr15,63043823,G,C,rs730881133,1,0,0,0
chr15,63044022,C,G,rs753196985,1,0,0,0
chr15,63044030,G,T,.,1,0,0,0
chr15,63044089,A,G,rs149346709,0,0,0,0
chr15,63044092,C,T,rs17850194,0,0,0,0
chr15,63044163,G,A,rs367999295,0,0,0,0
chr15,63048093,C,T,rs4075584,0,0,0,0
chr15,63048116,GA,G,rs201173447,0,0,0,0
chr15,63048217,A,G,rs73431508,0,0,0,0
chr15,63048270,C,G,rs140483658,0,0,0,0
chr15,63048370,C,T,rs62013182,0,0,0,0
chr15,63048420,A,C,rs554540382,0,0,0,0
chr15,63048483,CT,C,rs146654937,0,0,0,0
chr15,63048582,G,A,rs397516490,0,0,0,1
chr15,63048599,G,C,.,0,0,0,0
chr15,63048601,C,T,.,1,0,0,0
chr15,63048609,A,T,.,1,0,0,0
chr15,63048640,A,G,.,0,0,0,0
chr15,63048645,G,A,rs869025540,1,0,0,0
chr15,63049039,G,C,rs66793829,0,0,0,0
chr15,63056818,A,T,rs114027732,0,0,0,0
chr15,63056976,T,C,rs377417143,0,0,0,0
chr15,63056993,C,T,rs200257214,0,0,0,1
chr15,63056996,C,T,.,0,0,0,0
chr15,63057016,G,A,.,1,0,0,0
chr15,63057017,C,T,.,0,0,0,0
chr15,63057032,G,A,rs192883939,0,0,0,0
chr15,63057058,G,A,rs773149185,1,0,0,0
chr15,63057256,A,C,rs16946383,0,0,0,0
chr15,63057365,C,T,rs7173072,0,0,0,0
chr15,63059252,C,T,rs78809927,0,0,0,0
chr15,63059289,G,A,rs4238372,0,0,0,0
chr15,63059301,G,A,rs116860970,0,0,0,0
chr15,63059558,T,C,rs377061868,0,0,0,0
chr15,63059560,C,T,rs202228866,0,0,0,1
chr15,63059626,C,T,.,0,0,0,0
chr15,63059632,G,C,rs376518788,0,0,0,0
chr15,63059641,C,A,rs1071646,0,0,0,0
chr15,63059662,C,T,rs143922069,0,0,0,1
chr15,63059674,T,C,rs11558747,0,0,0,0
chr15,63059893,G,A,rs3803501,0,0,0,0
chr15,63059941,G,T,rs3803502,0,0,0,0
chr15,63060759,T,C,rs4514624,0,0,0,0
chr15,63060898,C,T,rs200173919,0,0,0,1
chr15,63060924,C,T,rs397516376,0,0,0,1
chr15,63060925,T,C,.,0,0,0,0
chr15,63060945,C,A,.,0,0,0,0
chr15,63060946,G,A,rs374563216,0,0,0,0
chr15,63060951,C,T,rs756230680,0,0,0,0
chr15,63061252,A,G,rs144700226,0,0,0,0
chr15,63061286,C,T,rs759081217,0,0,0,0
chr15,63061610,G,A,rs528733046,1,0,0,0
chr15,63061666,C,T,rs77362326,0,0,0,0
chr15,63061701,C,T,.,0,0,0,1
chr15,63061702,G,A,rs532254032,0,0,0,1
chr15,63061704,A,G,rs755689022,1,0,0,0
chr15,63061708,A,G,rs550286836,0,0,0,0
chr15,63061722,C,T,rs780507307,0,0,0,0
chr15,63061799,AG,A,rs553619755,0,0,0,0
chr15,63061810,G,C,rs28730802,0,0,0,0
chr15,63062220,G,A,rs773403386,0,0,0,0
chr15,63062259,T,C,rs397516384,0,0,0,0
chr15,63062262,C,T,rs759362606,0,0,0,0
chr15,63062281,A,G,rs730881145,1,0,0,0
chr15,63062287,G,C,.,0,0,0,0
chr15,63062578,T,C,.,0,0,0,0
chr15,63062599,G,A,rs200484871,0,0,0,0
chr15,63062608,A,G,.,1,0,0,0
chr15,63062893,C,G,rs12442826,0,0,0,0
chr15,63063831,G,A,rs150284424,0,0,0,0
chr15,63064074,C,T,rs751001221,0,0,0,0
chr15,63064075,G,A,rs758506771,1,0,0,0
chr15,63064088,A,G,rs371934474,1,0,0,0
chr15,63064098,C,T,rs751778912,0,0,0,0
chr15,63064119,C,T,rs368813394,0,0,0,0
chr15,63064120,G,A,rs149659674,1,0,0,0
chr15,63064121,C,G,.,1,0,0,0
chr15,63064128,C,T,rs397516393,0,0,0,0
chr15,63064133,T,C,rs199476321,0,0,0,1
chr15,63064136,C,G,rs397516395,0,0,0,1
chr15,63064148,C,A,.,0,0,0,1
chr15,63064148,C,T,.,0,0,0,0
chr15,63064149,G,A,rs765721221,0,0,0,0
chr15,63064331,C,G,rs111924332,0,0,0,0
chr15,63064338,A,G,rs28730803,0,0,0,0
chr15,63064375,G,A,rs73440420,0,0,0,0
chr15,63065653,T,G,rs28583444,0,0,0,0
chr15,63065900,GTTTC,G,rs772897124,1,0,0,0
chr15,63065936,G,A,.,1,0,0,0
chr15,63065967,A,G,rs374459540,1,0,0,0
chr15,63065975,A,G,rs140658011,0,0,0,0
chr15,63065994,TTCTC,T,.,1,0,0,0
chr15,63066027,C,T,rs540306699,1,0,0,0
chr15,63066044,A,G,rs148842623,1,0,0,0
chr15,63066047,G,T,rs7668,0,0,0,0
chr15,63069871,TC,T,.,1,0,0,0
chr15,63069899,C,T,.,0,0,0,0
chr15,63069900,G,A,rs730881128,0,0,0,1
chr15,63069923,C,T,.,0,0,0,0
chr15,63069937,G,A,rs772871597,1,0,0,0
chr15,63069942,A,C,rs139159081,0,0,0,0
chr15,63071092,A,G,rs144045691,0,0,0,1
chr15,63071118,C,T,rs146470352,1,0,0,0
chr15,63071152,C,T,rs374434837,0,0,0,0
chr15,63071291,T,C,rs138843544,0,0,0,0
chr19,55147019,T,C,rs112562759,0,0,0,0
chr19,55147029,C,T,rs76630067,0,0,0,0
chr19,55151790,T,C,.,1,0,0,0
chr19,55151799,G,A,rs375447438,0,0,0,1
chr19,55151835,C,A,rs730881084,1,0,0,0
chr19,55151847,T,C,rs367672692,1,0,0,0
chr19,55151861,C,T,rs796474405,0,0,0,0
chr19,55151871,C,T,rs730881091,0,0,0,1
chr19,55151881,C,A,.,1,0,0,0
chr19,55151882,G,A,rs200085986,0,0,0,0
chr19,55151886,T,G,.,1,0,0,0
chr19,55151911,G,A,rs760978512,1,0,0,0
chr19,55151927,G,A,rs201240150,0,0,0,0
chr19,55151929,C,T,rs754944128,0,0,0,1
chr19,55151930,G,A,.,0,0,0,0
chr19,55151931,A,G,rs758992431,0,0,0,0
chr19,55152074,A,T,rs114949974,0,0,0,0
chr19,55153819,T,C,rs10414493,0,0,0,0
chr19,55153902,T,G,rs10414696,0,0,0,0
chr19,55154042,C,T,rs3729841,0,0,0,1
chr19,55154063,G,A,rs764527627,0,0,0,0
chr19,55154095,G,A,rs368861241,0,1,0,0
chr19,55154097,G,A,rs753413305,1,0,0,0
chr19,55154105,C,G,rs749880457,0,0,0,0
chr19,55154108,C,T,rs747756509,0,0,0,0
chr19,55154145,C,T,rs397516349,0,1,0,0
chr19,55154147,C,G,.,0,0,0,0
chr19,55154184,ATCT,A,.,1,0,0,0
chr19,55154195,C,T,.,0,0,0,1
chr19,55154210,G,C,rs2288530,0,0,0,1
chr19,55154217,A,T,rs746918706,1,0,0,0
chr19,55154219,GA,G,.,0,0,0,0
chr19,55154221,G,C,rs192630178,0,0,0,1
chr19,55154222,G,A,rs373508654,0,0,0,0
chr19,55154223,G,A,rs769481190,1,0,0,0
chr19,55154721,G,A,rs529338677,0,0,0,0
chr19,55154733,C,A,.,0,0,0,0
chr19,55154734,G,A,rs367809676,0,0,0,1
chr19,55154745,G,A,rs397516345,1,0,0,0
chr19,55154750,G,A,rs371490136,0,0,0,0
chr19,55154757,G,A,.,1,0,0,0
chr19,55154757,G,T,.,1,0,0,0
chr19,55154766,G,C,rs777177571,1,0,0,0
chr19,55154773,T,C,rs730881070,0,0,0,1
chr19,55154777,G,A,rs559450042,0,0,0,0
chr19,55154782,T,C,rs730881088,1,0,0,0
chr19,55154805,C,T,.,1,0,0,0
chr19,55154806,G,A,rs397516344,1,0,0,0
chr19,55154806,G,T,.,1,0,0,0
chr19,55154809,C,T,rs374618872,0,0,0,1
chr19,55154810,G,A,rs199539066,0,0,0,0
chr19,55154815,G,A,rs773216333,1,0,0,0
chr19,55154820,C,T,rs747522089,1,0,0,0
chr19,55154821,G,A,.,1,0,0,0
chr19,55154839,G,A,rs759922995,0,0,0,1
chr19,55156191,G,C,.,0,0,0,0
chr19,55156195,C,G,.,0,0,0,1
chr19,55156196,G,C,.,1,0,0,0
chr19,55156205,A,G,rs776035548,1,0,0,0
chr19,55156206,G,A,.,0,0,0,0
chr19,55156210,C,T,rs75491697,0,0,0,1
chr19,55156225,G,A,.,0,0,0,0
chr19,55156233,C,A,.,1,0,0,0
chr19,55156247,C,A,rs397516342,1,0,0,0
chr19,55156248,G,T,.,1,0,0,0
chr19,55156257,G,A,.,0,0,0,0
chr19,55156276,G,C,.,0,0,0,0
chr19,55156278,GC,G,rs727504872,0,0,0,1
chr19,55156279,C,A,rs3729711,0,0,0,1
chr19,55156285,C,T,rs3729710,0,0,0,0
chr19,55156315,A,C,rs727503509,1,0,0,0
chr19,55156316,A,G,rs545441942,1,0,0,0
chr19,55156319,T,G,rs775512887,1,0,0,0
chr19,55156331,G,A,.,1,0,0,0
chr19,55156338,G,C,rs377258542,0,0,0,1
chr19,55156590,C,T,.,0,0,0,0
chr19,55156594,C,A,rs750675608,0,0,0,0
chr19,55156603,C,T,rs730881086,1,0,0,0
chr19,55156614,A,G,rs587780967,0,0,0,1
chr19,55156621,C,G,rs727504941,0,0,0,0
chr19,55156638,A,AT,rs772607683,0,0,0,1
chr19,55156661,G,T,rs139150276,0,0,0,0
chr19,55156776,T,C,rs73617693,0,0,0,0
chr19,55156991,T,C,rs143098258,0,0,0,0
chr19,55157029,C,T,rs3729837,0,0,0,0
chr19,55157054,G,A,.,1,0,0,0
chr19,55157057,T,TGC,.,1,0,0,0
chr19,55157066,G,A,rs201928445,1,0,0,0
chr19,55157101,G,A,.,0,0,0,0
chr19,55157103,T,C,rs755862334,0,0,0,1
chr19,55157106,G,T,rs779416591,1,0,0,0
chr19,55157113,T,G,rs377421427,0,0,0,0
chr19,55157119,G,C,rs397516346,0,0,0,0
chr19,55157123,G,A,rs768052584,1,0,0,0
chr19,55157137,G,A,rs202086705,0,0,0,0
chr19,55157141,A,T,rs3729836,0,0,0,0
chr19,55157290,T,C,.,0,0,0,1
chr19,55157314,AG,A,rs370714315,0,0,0,1
chr19,55157584,C,T,.,0,0,0,0
chr19,55157624,G,T,rs3729707,0,0,0,0
chr19,55157636,G,A,rs202159627,0,0,0,1
chr19,55157674,T,G,rs186540595,1,0,0,0
chr19,55157687,G,T,.,0,0,0,1
chr19,55157692,G,A,rs557391836,1,0,0,0
chr19,55157737,T,C,rs73935313,0,0,0,0
chr19,55159283,C,T,rs114601492,0,0,0,0
chr19,55159440,C,T,rs111250144,0,0,0,1
chr19,55159457,T,C,rs28377509,0,0,0,0
chr19,55159621,G,A,rs60176657,0,0,0,0
chr19,55160006,C,T,.,0,0,0,0
chr19,55160687,A,G,rs890871,0,0,0,0
chr19,55160698,G,A,.,1,0,0,0
chr19,55161102,T,C,rs2365725,0,0,0,0
chr19,55161201,G,A,rs7260371,0,0,0,0
chr19,55161416,A,G,rs7260320,0,0,0,0
chr19,55161775,G,A,.,0,0,0,1
chr19,55161777,C,T,rs58824375,0,0,0,0
chr19,55161796,T,C,rs56726774,0,0,0,0
chr19,55161822,G,T,rs760391305,1,0,0,0
chr19,55162286,T,C,rs3848618,0,0,0,0
chr3,46857975,G,A,rs764865767,1,0,0,0
chr3,46858003,G,T,rs546968708,1,0,0,0
chr3,46858026,C,T,rs1042973,0,0,0,0
chr3,46858088,C,T,rs199474710,0,0,0,0
chr3,46858226,C,G,rs200422816,0,0,0,0
chr3,46858235,G,A,rs202234617,0,0,0,0
chr3,46858238,C,T,rs754568155,1,0,0,0
chr3,46858239,G,A,rs727505197,0,0,0,1
chr3,46858241,G,A,rs748154150,0,0,0,0
chr3,46858287,A,C,.,1,0,0,0
chr3,46858365,C,T,rs552393482,0,0,0,0
chr3,46858378,G,A,rs199474709,0,0,0,0
chr3,46858391,G,A,rs140829951,0,0,0,0
chr3,46858394,G,A,.,0,0,0,0
chr3,46858411,C,T,rs145520567,0,0,0,1
chr3,46858426,T,C,rs199474708,1,0,0,0
chr3,46858427,C,T,rs367761724,0,0,0,0
chr3,46858441,C,T,.,1,0,0,0
chr3,46858442,G,A,rs552824036,0,0,0,0
chr3,46858459,C,T,rs371642547,1,0,0,0
chr3,46858475,G,T,rs201780962,0,0,0,0
chr3,46858478,G,A,rs201289145,0,0,0,0
chr3,46859470,C,T,.,1,0,0,0
chr3,46859479,C,A,.,0,0,0,0
chr3,46859479,C,T,.,0,0,0,0
chr3,46859480,G,A,rs748832105,1,0,0,0
chr3,46859490,C,T,.,1,0,0,0
chr3,46859496,G,A,rs143852164,1,0,0,0
chr3,46859521,A,G,rs774762882,0,0,0,0
chr3,46859530,C,T,.,0,0,0,0
chr3,46859536,G,A,rs201138698,0,0,0,0
chr3,46859544,G,A,.,1,0,0,0
chr3,46859545,C,A,.,0,0,0,0
chr3,46859545,C,CA,rs745346844,1,0,0,0
chr3,46859545,C,T,.,0,0,0,0
chr3,46859557,G,A,rs112992334,0,0,0,0
chr3,46859575,T,G,rs758267230,0,0,0,0
chr3,46859586,T,A,.,1,0,0,0
chr3,46859596,G,A,.,0,0,0,0
chr3,46859905,C,T,rs1463395,0,0,0,0
chr3,46860639,T,G,rs2227294,0,0,0,0
chr3,46860661,G,A,rs184025552,0,0,0,1
chr3,46860697,G,A,rs772804040,0,0,0,0
chr3,46860736,G,A,.,0,0,0,0
chr3,46860737,C,T,rs368364468,0,0,0,0
chr3,46860742,G,A,rs761891361,1,0,0,0
chr3,46860748,C,T,rs150634297,1,0,0,0
chr3,46860761,C,T,rs144543453,0,0,0,0
chr3,46860763,C,T,rs730880956,1,0,0,0
chr3,46860764,G,A,rs780500137,0,0,0,1
chr3,46860789,G,C,rs730880955,0,0,1,0
chr3,46860795,C,T,.,1,0,0,0
chr3,46860800,G,A,rs368118534,0,0,0,0
chr3,46860805,G,C,.,1,0,0,0
chr3,46860813,G,C,.,0,0,0,1
chr3,46860813,G,T,.,0,0,0,1
chr3,46860833,G,C,.,1,0,0,0
chr3,46860835,G,A,rs765419653,0,0,0,0
chr3,46860952,C,G,rs777555567,0,0,0,0
chr3,46860965,A,G,.,1,0,0,0
chr3,46860970,C,A,.,1,0,0,0
chr3,46860981,A,G,rs730880953,1,0,0,0
chr3,46860991,A,C,.,0,0,0,0
chr3,46860997,G,A,rs374988162,0,0,0,0
chr3,46861001,C,A,rs192329378,0,0,0,0
chr3,46863069,G,T,rs28763895,0,0,0,0
chr3,46863218,C,A,rs936175,0,0,0,0
chr3,46863285,C,T,rs749941468,1,0,0,0
chr3,46863286,G,A,rs771114109,0,0,0,0
chr3,46863299,C,T,rs199639940,0,0,0,1
chr3,46863300,G,A,.,1,0,0,0
chr3,46863309,C,T,rs754220375,1,0,0,0
chr3,46863310,A,G,rs147584015,0,0,0,1
chr3,46863318,G,A,rs369256548,1,0,0,0
chr3,46863320,G,A,rs373278317,1,0,0,0
chr3,46863321,C,T,rs758048820,1,0,0,0
chr3,46863322,G,A,rs2233264,0,0,0,0
chr3,46863330,G,A,rs779557153,1,0,0,0
chr3,46863344,G,A,rs754871327,1,0,0,0
chr3,46863355,A,C,.,0,0,0,0
chr3,46863355,A,G,.,0,0,0,0
chr3,46863361,C,T,.,0,0,0,0
chr3,46863364,C,T,.,0,0,0,0
chr3,46863387,C,G,rs148310342,0,0,0,1
chr3,46863417,G,A,rs201910884,0,0,0,0
chr3,46863480,G,A,rs372094875,0,0,0,0
chr3,46863767,C,T,rs2233263,0,0,0,0
