chr1	74249544
chr1	74250759
chr1	74250771
chr1	74271590
chr1	74331456
chr1	74331505
chr1	74342872
chr1	74342921
chr1	74342947
chr1	74353302
chr1	74354003
chr1	74369478
chr1	74369491
chr1	74369538
chr1	74436095
chr1	74436536
chr1	74439521
chr1	74439606
chr1	74489216
chr1	74489223
chr1	74492120
chr1	74492217
chr1	201359144
chr1	201359171
chr1	201359173
chr1	201359173
chr1	201359207
chr1	201359208
chr1	201359214
chr1	201359216
chr1	201359217
chr1	201359217
chr1	201359220
chr1	201359221
chr1	201359221
chr1	201359223
chr1	201359224
chr1	201359225
chr1	201359229
chr1	201359233
chr1	201359241
chr1	201359242
chr1	201359242
chr1	201359243
chr1	201359244
chr1	201359244
chr1	201359245
chr1	201359246
chr1	201359249
chr1	201359253
chr1	201359256
chr1	201359257
chr1	201359257
chr1	201359258
chr1	201359273
chr1	201359274
chr1	201359580
chr1	201359601
chr1	201359618
chr1	201359618
chr1	201359622
chr1	201359622
chr1	201359622
chr1	201359627
chr1	201359629
chr1	201359632
chr1	201359636
chr1	201359636
chr1	201359637
chr1	201359637
chr1	201359639
chr1	201359639
chr1	201359646
chr1	201359650
chr1	201359651
chr1	201359651
chr1	201359656
chr1	201359657
chr1	201359659
chr1	201359662
chr1	201359664
chr1	201359667
chr1	201359682
chr1	201359696
chr1	201359785
chr1	201361001
chr1	201361098
chr1	201361143
chr1	201361214
chr1	201361238
chr1	201361271
chr1	201361272
chr1	201361273
chr1	201361274
chr1	201361281
chr1	201361283
chr1	201361284
chr1	201361286
chr1	201361291
chr1	201361294
chr1	201361301
chr1	201361305
chr1	201361308
chr1	201361310
chr1	201361311
chr1	201361313
chr1	201361314
chr1	201361315
chr1	201361317
chr1	201361317
chr1	201361322
chr1	201361325
chr1	201361327
chr1	201361337
chr1	201361368
chr1	201361371
chr1	201361373
chr1	201361374
chr1	201361375
chr1	201361375
chr1	201361376
chr1	201361378
chr1	201361379
chr1	201361382
chr1	201361383
chr1	201361440
chr1	201361455
chr1	201361601
chr1	201361900
chr1	201361904
chr1	201361908
chr1	201361910
chr1	201361910
chr1	201361911
chr1	201361920
chr1	201361926
chr1	201361940
chr1	201361941
chr1	201361950
chr1	201361950
chr1	201361953
chr1	201361953
chr1	201361955
chr1	201361956
chr1	201361958
chr1	201361965
chr1	201361967
chr1	201361970
chr1	201361970
chr1	201361973
chr1	201361981
chr1	201361988
chr1	201361988
chr1	201361988
chr1	201361989
chr1	201361989
chr1	201361994
chr1	201361994
chr1	201362004
chr1	201362005
chr1	201362013
chr1	201362015
chr1	201362016
chr1	201362016
chr1	201362018
chr1	201362019
chr1	201362022
chr1	201362023
chr1	201362028
chr1	201362029
chr1	201362031
chr1	201362032
chr1	201362037
chr1	201362103
chr1	201362111
chr1	201362112
chr1	201362128
chr1	201362207
chr1	201362371
chr1	201362383
chr1	201362384
chr1	201362395
chr1	201362400
chr1	201362401
chr1	201362402
chr1	201362402
chr1	201362426
chr1	201362536
chr1	201362691
chr1	201363291
chr1	201363292
chr1	201363297
chr1	201363303
chr1	201363304
chr1	201363306
chr1	201363312
chr1	201363315
chr1	201363319
chr1	201363322
chr1	201363323
chr1	201363323
chr1	201363324
chr1	201363324
chr1	201363329
chr1	201363331
chr1	201363332
chr1	201363336
chr1	201363337
chr1	201363339
chr1	201363339
chr1	201363344
chr1	201363344
chr1	201363344
chr1	201363348
chr1	201363348
chr1	201363349
chr1	201363349
chr1	201363352
chr1	201363370
chr1	201363374
chr1	201363374
chr1	201363376
chr1	201363379
chr1	201363379
chr1	201363385
chr1	201363390
chr1	201363391
chr1	201363393
chr1	201363393
chr1	201363394
chr1	201363397
chr1	201363398
chr1	201363403
chr1	201363407
chr1	201363417
chr1	201363475
chr1	201363533
chr1	201363680
chr1	201364179
chr1	201364241
chr1	201364280
chr1	201364289
chr1	201364290
chr1	201364293
chr1	201364300
chr1	201364300
chr1	201364305
chr1	201364306
chr1	201364307
chr1	201364311
chr1	201364313
chr1	201364314
chr1	201364315
chr1	201364324
chr1	201364326
chr1	201364327
chr1	201364328
chr1	201364331
chr1	201364335
chr1	201364335
chr1	201364336
chr1	201364337
chr1	201364340
chr1	201364341
chr1	201364342
chr1	201364342
chr1	201364344
chr1	201364346
chr1	201364349
chr1	201364351
chr1	201364352
chr1	201364352
chr1	201364356
chr1	201364357
chr1	201364357
chr1	201364357
chr1	201364360
chr1	201364365
chr1	201364365
chr1	201364366
chr1	201364366
chr1	201364368
chr1	201364369
chr1	201364375
chr1	201364378
chr1	201364379
chr1	201364383
chr1	201364389
chr1	201364468
chr1	201364575
chr1	201365185
chr1	201365190
chr1	201365191
chr1	201365196
chr1	201365199
chr1	201365207
chr1	201365211
chr1	201365211
chr1	201365212
chr1	201365217
chr1	201365220
chr1	201365226
chr1	201365228
chr1	201365233
chr1	201365238
chr1	201365242
chr1	201365244
chr1	201365244
chr1	201365247
chr1	201365247
chr1	201365253
chr1	201365253
chr1	201365254
chr1	201365254
chr1	201365260
chr1	201365261
chr1	201365262
chr1	201365262
chr1	201365268
chr1	201365273
chr1	201365278
chr1	201365281
chr1	201365281
chr1	201365283
chr1	201365283
chr1	201365286
chr1	201365289
chr1	201365289
chr1	201365291
chr1	201365291
chr1	201365292
chr1	201365293
chr1	201365295
chr1	201365297
chr1	201365297
chr1	201365297
chr1	201365300
chr1	201365302
chr1	201365310
chr1	201365321
chr1	201365322
chr1	201365326
chr1	201365603
chr1	201365604
chr1	201365610
chr1	201365610
chr1	201365617
chr1	201365618
chr1	201365619
chr1	201365620
chr1	201365622
chr1	201365622
chr1	201365622
chr1	201365623
chr1	201365625
chr1	201365627
chr1	201365630
chr1	201365631
chr1	201365634
chr1	201365634
chr1	201365635
chr1	201365636
chr1	201365636
chr1	201365637
chr1	201365638
chr1	201365639
chr1	201365644
chr1	201365645
chr1	201365649
chr1	201365650
chr1	201365651
chr1	201365656
chr1	201365657
chr1	201365657
chr1	201365659
chr1	201365666
chr1	201365667
chr1	201365668
chr1	201365672
chr1	201365673
chr1	201365679
chr1	201365680
chr1	201366521
chr1	201366829
chr1	201366832
chr1	201366840
chr1	201366843
chr1	201366863
chr1	201366863
chr1	201366864
chr1	201366875
chr1	201366877
chr1	201366882
chr1	201366883
chr1	201366900
chr1	201367513
chr1	201367757
chr1	201367762
chr1	201367762
chr1	201367777
chr1	201367778
chr1	201367790
chr1	201367795
chr1	201367798
chr1	201367817
chr1	201367856
chr1	201368042
chr1	201368149
chr1	201368150
chr1	201368150
chr1	201368157
chr1	201368161
chr1	201368162
chr1	201368172
chr1	201368177
chr1	201368180
chr1	201368181
chr1	201368189
chr1	201368190
chr1	201368201
chr1	201368204
chr1	201368209
chr1	201368211
chr1	201368215
chr1	201368217
chr1	201368222
chr1	201368223
chr1	201368225
chr1	201368231
chr1	201368233
chr1	201368308
chr1	201369816
chr1	201369816
chr1	201369817
chr1	201369823
chr1	201369829
chr1	201369848
chr1	201369848
chr1	201369850
chr1	201369853
chr1	201369854
chr1	201369915
chr1	201369916
chr1	201371706
chr1	201371930
chr1	201372015
chr1	201372018
chr1	201372027
chr1	201372031
chr1	201372037
chr1	201372047
chr1	201372047
chr1	201372050
chr1	201372052
chr1	201372128
chr1	201372138
chr1	201372139
chr1	201372142
chr1	201372151
chr1	201372161
chr1	201372175
chr1	201372184
chr1	201372237
chr1	201373198
chr1	201373212
chr1	201373215
chr1	201373216
chr1	201373221
chr1	201373221
chr1	201373222
chr1	201373231
chr1	201373234
chr1	201373245
chr1	201373245
chr1	201373250
chr1	201373251
chr1	201373252
chr1	201373254
chr1	201373255
chr1	201373255
chr1	201373257
chr1	201373259
chr1	201373428
chr1	201373432
chr1	201373469
chr1	201373528
chr1	201373734
chr1	201377606
chr1	201377613
chr1	201377617
chr1	201377630
chr1	201377630
chr1	201377648
chr1	201377651
chr1	201377657
chr3	46857910
chr3	46857975
chr3	46858003
chr3	46858026
chr3	46858088
chr3	46858226
chr3	46858235
chr3	46858238
chr3	46858239
chr3	46858241
chr3	46858250
chr3	46858253
chr3	46858255
chr3	46858261
chr3	46858265
chr3	46858273
chr3	46858273
chr3	46858275
chr3	46858285
chr3	46858287
chr3	46858365
chr3	46858378
chr3	46858391
chr3	46858394
chr3	46858397
chr3	46858404
chr3	46858411
chr3	46858422
chr3	46858423
chr3	46858425
chr3	46858425
chr3	46858426
chr3	46858427
chr3	46858435
chr3	46858435
chr3	46858439
chr3	46858441
chr3	46858442
chr3	46858444
chr3	46858455
chr3	46858459
chr3	46858460
chr3	46858461
chr3	46858462
chr3	46858463
chr3	46858467
chr3	46858470
chr3	46858471
chr3	46858475
chr3	46858478
chr3	46859465
chr3	46859470
chr3	46859475
chr3	46859479
chr3	46859479
chr3	46859480
chr3	46859490
chr3	46859490
chr3	46859490
chr3	46859491
chr3	46859493
chr3	46859496
chr3	46859498
chr3	46859502
chr3	46859504
chr3	46859505
chr3	46859507
chr3	46859509
chr3	46859509
chr3	46859510
chr3	46859521
chr3	46859521
chr3	46859527
chr3	46859530
chr3	46859532
chr3	46859536
chr3	46859537
chr3	46859543
chr3	46859544
chr3	46859545
chr3	46859545
chr3	46859545
chr3	46859550
chr3	46859551
chr3	46859556
chr3	46859557
chr3	46859559
chr3	46859573
chr3	46859574
chr3	46859575
chr3	46859576
chr3	46859586
chr3	46859589
chr3	46859596
chr3	46859607
chr3	46859609
chr3	46859618
chr3	46859636
chr3	46859905
chr3	46860639
chr3	46860661
chr3	46860682
chr3	46860691
chr3	46860697
chr3	46860700
chr3	46860702
chr3	46860703
chr3	46860703
chr3	46860709
chr3	46860718
chr3	46860722
chr3	46860736
chr3	46860737
chr3	46860738
chr3	46860742
chr3	46860748
chr3	46860754
chr3	46860761
chr3	46860763
chr3	46860764
chr3	46860765
chr3	46860777
chr3	46860785
chr3	46860788
chr3	46860789
chr3	46860790
chr3	46860792
chr3	46860795
chr3	46860795
chr3	46860796
chr3	46860799
chr3	46860800
chr3	46860805
chr3	46860813
chr3	46860813
chr3	46860813
chr3	46860818
chr3	46860828
chr3	46860833
chr3	46860835
chr3	46860952
chr3	46860957
chr3	46860965
chr3	46860970
chr3	46860981
chr3	46860984
chr3	46860991
chr3	46860997
chr3	46861001
chr3	46863069
chr3	46863218
chr3	46863261
chr3	46863285
chr3	46863286
chr3	46863295
chr3	46863299
chr3	46863300
chr3	46863309
chr3	46863310
chr3	46863311
chr3	46863312
chr3	46863314
chr3	46863318
chr3	46863320
chr3	46863321
chr3	46863322
chr3	46863327
chr3	46863330
chr3	46863339
chr3	46863342
chr3	46863344
chr3	46863351
chr3	46863355
chr3	46863355
chr3	46863361
chr3	46863364
chr3	46863365
chr3	46863370
chr3	46863374
chr3	46863380
chr3	46863382
chr3	46863383
chr3	46863385
chr3	46863387
chr3	46863387
chr3	46863389
chr3	46863417
chr3	46863423
chr3	46863480
chr3	46863767
chr11	47331416
chr11	47331450
chr11	47331468
chr11	47331507
chr11	47331512
chr11	47331531
chr11	47331580
chr11	47331612
chr11	47331616
chr11	47331624
chr11	47331627
chr11	47331630
chr11	47331648
chr11	47331831
chr11	47331832
chr11	47331842
chr11	47331854
chr11	47331855
chr11	47331871
chr11	47331872
chr11	47331878
chr11	47331880
chr11	47331882
chr11	47331889
chr11	47331891
chr11	47331893
chr11	47331895
chr11	47331896
chr11	47332058
chr11	47332059
chr11	47332070
chr11	47332071
chr11	47332072
chr11	47332074
chr11	47332074
chr11	47332075
chr11	47332076
chr11	47332077
chr11	47332078
chr11	47332078
chr11	47332083
chr11	47332085
chr11	47332086
chr11	47332086
chr11	47332087
chr11	47332088
chr11	47332089
chr11	47332090
chr11	47332090
chr11	47332092
chr11	47332094
chr11	47332095
chr11	47332098
chr11	47332099
chr11	47332101
chr11	47332105
chr11	47332105
chr11	47332106
chr11	47332107
chr11	47332108
chr11	47332109
chr11	47332109
chr11	47332111
chr11	47332113
chr11	47332113
chr11	47332115
chr11	47332116
chr11	47332121
chr11	47332122
chr11	47332122
chr11	47332126
chr11	47332126
chr11	47332127
chr11	47332130
chr11	47332132
chr11	47332133
chr11	47332133
chr11	47332134
chr11	47332135
chr11	47332139
chr11	47332140
chr11	47332140
chr11	47332145
chr11	47332146
chr11	47332150
chr11	47332154
chr11	47332155
chr11	47332158
chr11	47332159
chr11	47332160
chr11	47332162
chr11	47332163
chr11	47332167
chr11	47332170
chr11	47332171
chr11	47332172
chr11	47332173
chr11	47332177
chr11	47332178
chr11	47332181
chr11	47332183
chr11	47332185
chr11	47332186
chr11	47332187
chr11	47332189
chr11	47332192
chr11	47332194
chr11	47332200
chr11	47332201
chr11	47332203
chr11	47332203
chr11	47332204
chr11	47332207
chr11	47332209
chr11	47332209
chr11	47332210
chr11	47332213
chr11	47332214
chr11	47332217
chr11	47332217
chr11	47332218
chr11	47332220
chr11	47332222
chr11	47332223
chr11	47332224
chr11	47332224
chr11	47332225
chr11	47332228
chr11	47332229
chr11	47332232
chr11	47332235
chr11	47332239
chr11	47332239
chr11	47332241
chr11	47332244
chr11	47332244
chr11	47332245
chr11	47332258
chr11	47332264
chr11	47332267
chr11	47332274
chr11	47332289
chr11	47332293
chr11	47332303
chr11	47332517
chr11	47332549
chr11	47332552
chr11	47332560
chr11	47332563
chr11	47332564
chr11	47332564
chr11	47332565
chr11	47332566
chr11	47332568
chr11	47332568
chr11	47332575
chr11	47332576
chr11	47332578
chr11	47332579
chr11	47332580
chr11	47332582
chr11	47332583
chr11	47332587
chr11	47332588
chr11	47332588
chr11	47332594
chr11	47332598
chr11	47332600
chr11	47332605
chr11	47332608
chr11	47332609
chr11	47332609
chr11	47332611
chr11	47332612
chr11	47332612
chr11	47332614
chr11	47332619
chr11	47332620
chr11	47332621
chr11	47332621
chr11	47332624
chr11	47332625
chr11	47332629
chr11	47332632
chr11	47332633
chr11	47332638
chr11	47332640
chr11	47332643
chr11	47332643
chr11	47332645
chr11	47332646
chr11	47332648
chr11	47332649
chr11	47332652
chr11	47332658
chr11	47332662
chr11	47332674
chr11	47332674
chr11	47332675
chr11	47332675
chr11	47332680
chr11	47332681
chr11	47332687
chr11	47332695
chr11	47332696
chr11	47332701
chr11	47332704
chr11	47332704
chr11	47332705
chr11	47332705
chr11	47332716
chr11	47332808
chr11	47332811
chr11	47332813
chr11	47332813
chr11	47332814
chr11	47332818
chr11	47332822
chr11	47332824
chr11	47332826
chr11	47332827
chr11	47332827
chr11	47332832
chr11	47332833
chr11	47332834
chr11	47332835
chr11	47332836
chr11	47332838
chr11	47332841
chr11	47332843
chr11	47332846
chr11	47332847
chr11	47332849
chr11	47332851
chr11	47332852
chr11	47332858
chr11	47332859
chr11	47332862
chr11	47332871
chr11	47332873
chr11	47332874
chr11	47332889
chr11	47332889
chr11	47332890
chr11	47332891
chr11	47332891
chr11	47332892
chr11	47332894
chr11	47332896
chr11	47332896
chr11	47332896
chr11	47332902
chr11	47332908
chr11	47332920
chr11	47332925
chr11	47332928
chr11	47332931
chr11	47332932
chr11	47332932
chr11	47332934
chr11	47332942
chr11	47332943
chr11	47332945
chr11	47332946
chr11	47332947
chr11	47332948
chr11	47332949
chr11	47332955
chr11	47332957
chr11	47332961
chr11	47332961
chr11	47332961
chr11	47332962
chr11	47332966
chr11	47332968
chr11	47332969
chr11	47332973
chr11	47332974
chr11	47332974
chr11	47332975
chr11	47332980
chr11	47332981
chr11	47333189
chr11	47333189
chr11	47333189
chr11	47333191
chr11	47333192
chr11	47333192
chr11	47333192
chr11	47333193
chr11	47333195
chr11	47333196
chr11	47333196
chr11	47333198
chr11	47333198
chr11	47333198
chr11	47333198
chr11	47333201
chr11	47333202
chr11	47333208
chr11	47333209
chr11	47333209
chr11	47333216
chr11	47333219
chr11	47333220
chr11	47333223
chr11	47333224
chr11	47333225
chr11	47333226
chr11	47333227
chr11	47333229
chr11	47333230
chr11	47333230
chr11	47333231
chr11	47333231
chr11	47333235
chr11	47333236
chr11	47333238
chr11	47333238
chr11	47333239
chr11	47333239
chr11	47333240
chr11	47333243
chr11	47333245
chr11	47333247
chr11	47333247
chr11	47333248
chr11	47333250
chr11	47333255
chr11	47333257
chr11	47333260
chr11	47333266
chr11	47333267
chr11	47333268
chr11	47333271
chr11	47333281
chr11	47333291
chr11	47333292
chr11	47333295
chr11	47333295
chr11	47333295
chr11	47333296
chr11	47333297
chr11	47333297
chr11	47333300
chr11	47333300
chr11	47333301
chr11	47333306
chr11	47333306
chr11	47333306
chr11	47333307
chr11	47333312
chr11	47333314
chr11	47333315
chr11	47333324
chr11	47333328
chr11	47333330
chr11	47333331
chr11	47333332
chr11	47333334
chr11	47333336
chr11	47333337
chr11	47333339
chr11	47333340
chr11	47333340
chr11	47333342
chr11	47333348
chr11	47333354
chr11	47333552
chr11	47333552
chr11	47333553
chr11	47333553
chr11	47333554
chr11	47333555
chr11	47333556
chr11	47333556
chr11	47333557
chr11	47333559
chr11	47333562
chr11	47333566
chr11	47333572
chr11	47333574
chr11	47333576
chr11	47333577
chr11	47333579
chr11	47333580
chr11	47333581
chr11	47333584
chr11	47333590
chr11	47333593
chr11	47333595
chr11	47333596
chr11	47333599
chr11	47333600
chr11	47333604
chr11	47333605
chr11	47333605
chr11	47333609
chr11	47333610
chr11	47333617
chr11	47333618
chr11	47333618
chr11	47333622
chr11	47333623
chr11	47333624
chr11	47333626
chr11	47333629
chr11	47333637
chr11	47333638
chr11	47333639
chr11	47333640
chr11	47333641
chr11	47333644
chr11	47333645
chr11	47333645
chr11	47333646
chr11	47333648
chr11	47333649
chr11	47333650
chr11	47333650
chr11	47333657
chr11	47333657
chr11	47333658
chr11	47333660
chr11	47333661
chr11	47333664
chr11	47333668
chr11	47333672
chr11	47333675
chr11	47333678
chr11	47333682
chr11	47333682
chr11	47333683
chr11	47333690
chr11	47333695
chr11	47333698
chr11	47333699
chr11	47333699
chr11	47333703
chr11	47333706
chr11	47333710
chr11	47333713
chr11	47333716
chr11	47333723
chr11	47333726
chr11	47333728
chr11	47333744
chr11	47333750
chr11	47333753
chr11	47333757
chr11	47333761
chr11	47333762
chr11	47333917
chr11	47333920
chr11	47333920
chr11	47333922
chr11	47333924
chr11	47333925
chr11	47333936
chr11	47333948
chr11	47333950
chr11	47333951
chr11	47333951
chr11	47333951
chr11	47333953
chr11	47333955
chr11	47333957
chr11	47333957
chr11	47333960
chr11	47333963
chr11	47333966
chr11	47333968
chr11	47333974
chr11	47333977
chr11	47333978
chr11	47333978
chr11	47333985
chr11	47333989
chr11	47333996
chr11	47333996
chr11	47334001
chr11	47334002
chr11	47334007
chr11	47334008
chr11	47334011
chr11	47334012
chr11	47334015
chr11	47334017
chr11	47334019
chr11	47334593
chr11	47335033
chr11	47335035
chr11	47335037
chr11	47335037
chr11	47335037
chr11	47335039
chr11	47335040
chr11	47335041
chr11	47335041
chr11	47335042
chr11	47335043
chr11	47335046
chr11	47335046
chr11	47335050
chr11	47335052
chr11	47335054
chr11	47335055
chr11	47335061
chr11	47335065
chr11	47335070
chr11	47335070
chr11	47335071
chr11	47335071
chr11	47335074
chr11	47335075
chr11	47335077
chr11	47335078
chr11	47335081
chr11	47335081
chr11	47335088
chr11	47335091
chr11	47335091
chr11	47335093
chr11	47335098
chr11	47335105
chr11	47335108
chr11	47335109
chr11	47335112
chr11	47335113
chr11	47335114
chr11	47335119
chr11	47335120
chr11	47335124
chr11	47335132
chr11	47335134
chr11	47335136
chr11	47335139
chr11	47335140
chr11	47335142
chr11	47335147
chr11	47335150
chr11	47335154
chr11	47335157
chr11	47335163
chr11	47335163
chr11	47335164
chr11	47335165
chr11	47335176
chr11	47335180
chr11	47335182
chr11	47335186
chr11	47335187
chr11	47335195
chr11	47335199
chr11	47335200
chr11	47335202
chr11	47335207
chr11	47335210
chr11	47335211
chr11	47335213
chr11	47335223
chr11	47335619
chr11	47335857
chr11	47335863
chr11	47335865
chr11	47335867
chr11	47335868
chr11	47335869
chr11	47335870
chr11	47335871
chr11	47335872
chr11	47335873
chr11	47335875
chr11	47335876
chr11	47335876
chr11	47335876
chr11	47335879
chr11	47335881
chr11	47335886
chr11	47335887
chr11	47335887
chr11	47335891
chr11	47335894
chr11	47335895
chr11	47335897
chr11	47335897
chr11	47335898
chr11	47335899
chr11	47335899
chr11	47335900
chr11	47335902
chr11	47335906
chr11	47335909
chr11	47335909
chr11	47335910
chr11	47335912
chr11	47335921
chr11	47335922
chr11	47335924
chr11	47335927
chr11	47335929
chr11	47335930
chr11	47335930
chr11	47335931
chr11	47335932
chr11	47335938
chr11	47335940
chr11	47335942
chr11	47335943
chr11	47335943
chr11	47335944
chr11	47335949
chr11	47335959
chr11	47335960
chr11	47335963
chr11	47335973
chr11	47335974
chr11	47335975
chr11	47335979
chr11	47335982
chr11	47335986
chr11	47335990
chr11	47335991
chr11	47335992
chr11	47335992
chr11	47335993
chr11	47336000
chr11	47336000
chr11	47336001
chr11	47336003
chr11	47336003
chr11	47336009
chr11	47336009
chr11	47336009
chr11	47336009
chr11	47336011
chr11	47336011
chr11	47336012
chr11	47336013
chr11	47336015
chr11	47336016
chr11	47336021
chr11	47336022
chr11	47337382
chr11	47337385
chr11	47337389
chr11	47337391
chr11	47337392
chr11	47337394
chr11	47337406
chr11	47337416
chr11	47337419
chr11	47337420
chr11	47337420
chr11	47337421
chr11	47337422
chr11	47337424
chr11	47337425
chr11	47337431
chr11	47337433
chr11	47337433
chr11	47337434
chr11	47337436
chr11	47337436
chr11	47337436
chr11	47337437
chr11	47337439
chr11	47337441
chr11	47337442
chr11	47337442
chr11	47337443
chr11	47337444
chr11	47337446
chr11	47337446
chr11	47337448
chr11	47337449
chr11	47337449
chr11	47337450
chr11	47337450
chr11	47337452
chr11	47337452
chr11	47337452
chr11	47337453
chr11	47337453
chr11	47337454
chr11	47337454
chr11	47337454
chr11	47337454
chr11	47337456
chr11	47337456
chr11	47337457
chr11	47337458
chr11	47337459
chr11	47337459
chr11	47337460
chr11	47337460
chr11	47337466
chr11	47337466
chr11	47337467
chr11	47337467
chr11	47337467
chr11	47337468
chr11	47337468
chr11	47337475
chr11	47337476
chr11	47337479
chr11	47337481
chr11	47337481
chr11	47337481
chr11	47337481
chr11	47337482
chr11	47337486
chr11	47337488
chr11	47337488
chr11	47337488
chr11	47337488
chr11	47337489
chr11	47337490
chr11	47337492
chr11	47337493
chr11	47337494
chr11	47337502
chr11	47337506
chr11	47337509
chr11	47337511
chr11	47337514
chr11	47337516
chr11	47337520
chr11	47337523
chr11	47337524
chr11	47337527
chr11	47337533
chr11	47337533
chr11	47337534
chr11	47337535
chr11	47337537
chr11	47337539
chr11	47337540
chr11	47337541
chr11	47337543
chr11	47337543
chr11	47337543
chr11	47337544
chr11	47337544
chr11	47337546
chr11	47337549
chr11	47337552
chr11	47337554
chr11	47337554
chr11	47337556
chr11	47337557
chr11	47337558
chr11	47337561
chr11	47337564
chr11	47337565
chr11	47337568
chr11	47337579
chr11	47337580
chr11	47337580
chr11	47337584
chr11	47337588
chr11	47337593
chr11	47337672
chr11	47337676
chr11	47337684
chr11	47337689
chr11	47337694
chr11	47337694
chr11	47337704
chr11	47337704
chr11	47337705
chr11	47337706
chr11	47337708
chr11	47337709
chr11	47337712
chr11	47337712
chr11	47337712
chr11	47337720
chr11	47337721
chr11	47337722
chr11	47337723
chr11	47337725
chr11	47337727
chr11	47337729
chr11	47337729
chr11	47337731
chr11	47337732
chr11	47337740
chr11	47337752
chr11	47337756
chr11	47337756
chr11	47337757
chr11	47337758
chr11	47337762
chr11	47337764
chr11	47337768
chr11	47337769
chr11	47337773
chr11	47337775
chr11	47337776
chr11	47337777
chr11	47337779
chr11	47337782
chr11	47337783
chr11	47337784
chr11	47337791
chr11	47337791
chr11	47337792
chr11	47337793
chr11	47337796
chr11	47337803
chr11	47337814
chr11	47337815
chr11	47337820
chr11	47337890
chr11	47338502
chr11	47338507
chr11	47338508
chr11	47338511
chr11	47338512
chr11	47338519
chr11	47338519
chr11	47338519
chr11	47338520
chr11	47338520
chr11	47338528
chr11	47338530
chr11	47338539
chr11	47338540
chr11	47338543
chr11	47338547
chr11	47338548
chr11	47338553
chr11	47338554
chr11	47338555
chr11	47338557
chr11	47338559
chr11	47338560
chr11	47338563
chr11	47338569
chr11	47338572
chr11	47338576
chr11	47338578
chr11	47338579
chr11	47338582
chr11	47338583
chr11	47338584
chr11	47338586
chr11	47338587
chr11	47338594
chr11	47338606
chr11	47338608
chr11	47338611
chr11	47338611
chr11	47338617
chr11	47338618
chr11	47338630
chr11	47338630
chr11	47338631
chr11	47338632
chr11	47338637
chr11	47338638
chr11	47338641
chr11	47338644
chr11	47338646
chr11	47338649
chr11	47338649
chr11	47338650
chr11	47338651
chr11	47338652
chr11	47338657
chr11	47338658
chr11	47338662
chr11	47338664
chr11	47338664
chr11	47338665
chr11	47338666
chr11	47338667
chr11	47338669
chr11	47338670
chr11	47338673
chr11	47338674
chr11	47338675
chr11	47338679
chr11	47338680
chr11	47338680
chr11	47338680
chr11	47338681
chr11	47338682
chr11	47338683
chr11	47338684
chr11	47338684
chr11	47338684
chr11	47338687
chr11	47338687
chr11	47338688
chr11	47338861
chr11	47339314
chr11	47339321
chr11	47339323
chr11	47339333
chr11	47339336
chr11	47339346
chr11	47339347
chr11	47339348
chr11	47339352
chr11	47339353
chr11	47339358
chr11	47339359
chr11	47339360
chr11	47339365
chr11	47339372
chr11	47339374
chr11	47339374
chr11	47339375
chr11	47339388
chr11	47339389
chr11	47339389
chr11	47339391
chr11	47339393
chr11	47339394
chr11	47339395
chr11	47339395
chr11	47339398
chr11	47339407
chr11	47339411
chr11	47339416
chr11	47339650
chr11	47339653
chr11	47339654
chr11	47339655
chr11	47339655
chr11	47339656
chr11	47339657
chr11	47339659
chr11	47339662
chr11	47339670
chr11	47339677
chr11	47339683
chr11	47339684
chr11	47339688
chr11	47339693
chr11	47339697
chr11	47339699
chr11	47339702
chr11	47339705
chr11	47339707
chr11	47339707
chr11	47339708
chr11	47339713
chr11	47339714
chr11	47339716
chr11	47339718
chr11	47339727
chr11	47339729
chr11	47339732
chr11	47339732
chr11	47339739
chr11	47339740
chr11	47339742
chr11	47339744
chr11	47339750
chr11	47339754
chr11	47339758
chr11	47339758
chr11	47339765
chr11	47339768
chr11	47339771
chr11	47339774
chr11	47339779
chr11	47339783
chr11	47339784
chr11	47339792
chr11	47339793
chr11	47339794
chr11	47339796
chr11	47339801
chr11	47339809
chr11	47340403
chr11	47340728
chr11	47340788
chr11	47340987
chr11	47341000
chr11	47341001
chr11	47341003
chr11	47341006
chr11	47341006
chr11	47341011
chr11	47341016
chr11	47341025
chr11	47341031
chr11	47341031
chr11	47341033
chr11	47341036
chr11	47341091
chr11	47341133
chr11	47341134
chr11	47341135
chr11	47341137
chr11	47341139
chr11	47341142
chr11	47341144
chr11	47341146
chr11	47341149
chr11	47341151
chr11	47341154
chr11	47341160
chr11	47341166
chr11	47341166
chr11	47341171
chr11	47341171
chr11	47341172
chr11	47341175
chr11	47341176
chr11	47341178
chr11	47341180
chr11	47341181
chr11	47341183
chr11	47341185
chr11	47341189
chr11	47341192
chr11	47341193
chr11	47341194
chr11	47341196
chr11	47341204
chr11	47341205
chr11	47341205
chr11	47341205
chr11	47341206
chr11	47341207
chr11	47341207
chr11	47341208
chr11	47341208
chr11	47341209
chr11	47341213
chr11	47341213
chr11	47341214
chr11	47341216
chr11	47341218
chr11	47341219
chr11	47341220
chr11	47341221
chr11	47341221
chr11	47341223
chr11	47341225
chr11	47341226
chr11	47341226
chr11	47341227
chr11	47341228
chr11	47341230
chr11	47341232
chr11	47341234
chr11	47341238
chr11	47341242
chr11	47341243
chr11	47341244
chr11	47341246
chr11	47341251
chr11	47341252
chr11	47341252
chr11	47341253
chr11	47341255
chr11	47341256
chr11	47341734
chr11	47341984
chr11	47341986
chr11	47341990
chr11	47341991
chr11	47341992
chr11	47341995
chr11	47341996
chr11	47341996
chr11	47341998
chr11	47342003
chr11	47342003
chr11	47342005
chr11	47342006
chr11	47342008
chr11	47342015
chr11	47342016
chr11	47342017
chr11	47342022
chr11	47342023
chr11	47342025
chr11	47342046
chr11	47342050
chr11	47342050
chr11	47342060
chr11	47342060
chr11	47342061
chr11	47342061
chr11	47342062
chr11	47342062
chr11	47342065
chr11	47342068
chr11	47342079
chr11	47342083
chr11	47342085
chr11	47342088
chr11	47342093
chr11	47342095
chr11	47342096
chr11	47342096
chr11	47342097
chr11	47342102
chr11	47342106
chr11	47342109
chr11	47342110
chr11	47342111
chr11	47342112
chr11	47342117
chr11	47342127
chr11	47342128
chr11	47342129
chr11	47342131
chr11	47342137
chr11	47342138
chr11	47342140
chr11	47342140
chr11	47342143
chr11	47342148
chr11	47342152
chr11	47342157
chr11	47342158
chr11	47342160
chr11	47342162
chr11	47342170
chr11	47342558
chr11	47342560
chr11	47342563
chr11	47342564
chr11	47342565
chr11	47342565
chr11	47342569
chr11	47342572
chr11	47342573
chr11	47342574
chr11	47342575
chr11	47342575
chr11	47342576
chr11	47342578
chr11	47342578
chr11	47342579
chr11	47342581
chr11	47342586
chr11	47342586
chr11	47342594
chr11	47342598
chr11	47342600
chr11	47342601
chr11	47342606
chr11	47342607
chr11	47342607
chr11	47342608
chr11	47342609
chr11	47342611
chr11	47342611
chr11	47342611
chr11	47342612
chr11	47342616
chr11	47342621
chr11	47342622
chr11	47342624
chr11	47342624
chr11	47342626
chr11	47342627
chr11	47342627
chr11	47342629
chr11	47342632
chr11	47342636
chr11	47342637
chr11	47342639
chr11	47342648
chr11	47342649
chr11	47342653
chr11	47342656
chr11	47342656
chr11	47342657
chr11	47342658
chr11	47342662
chr11	47342667
chr11	47342667
chr11	47342670
chr11	47342671
chr11	47342680
chr11	47342680
chr11	47342681
chr11	47342682
chr11	47342684
chr11	47342686
chr11	47342691
chr11	47342692
chr11	47342696
chr11	47342697
chr11	47342697
chr11	47342700
chr11	47342703
chr11	47342704
chr11	47342707
chr11	47342708
chr11	47342716
chr11	47342718
chr11	47342718
chr11	47342719
chr11	47342720
chr11	47342731
chr11	47342733
chr11	47342733
chr11	47342734
chr11	47342735
chr11	47342736
chr11	47342741
chr11	47342744
chr11	47342745
chr11	47342745
chr11	47342745
chr11	47342748
chr11	47342749
chr11	47342750
chr11	47342750
chr11	47342751
chr11	47342753
chr11	47342757
chr11	47342761
chr11	47342804
chr11	47342809
chr11	47342810
chr11	47342825
chr11	47342825
chr11	47342826
chr11	47342828
chr11	47342830
chr11	47342831
chr11	47342831
chr11	47342841
chr11	47342842
chr11	47342842
chr11	47342846
chr11	47342846
chr11	47342848
chr11	47342853
chr11	47342854
chr11	47342856
chr11	47342864
chr11	47342865
chr11	47342865
chr11	47342867
chr11	47342869
chr11	47342872
chr11	47342875
chr11	47342876
chr11	47342876
chr11	47342878
chr11	47342882
chr11	47342882
chr11	47342882
chr11	47342883
chr11	47342890
chr11	47342893
chr11	47342894
chr11	47342895
chr11	47342900
chr11	47342901
chr11	47342902
chr11	47342908
chr11	47342909
chr11	47342912
chr11	47342912
chr11	47342913
chr11	47342915
chr11	47342916
chr11	47342917
chr11	47342918
chr11	47342919
chr11	47342924
chr11	47342924
chr11	47342927
chr11	47342928
chr11	47342928
chr11	47342929
chr11	47342930
chr11	47342930
chr11	47342930
chr11	47342931
chr11	47342932
chr11	47342934
chr11	47342940
chr11	47342945
chr11	47342945
chr11	47342948
chr11	47342951
chr11	47343016
chr11	47343017
chr11	47343019
chr11	47343020
chr11	47343020
chr11	47343021
chr11	47343025
chr11	47343029
chr11	47343033
chr11	47343034
chr11	47343037
chr11	47343037
chr11	47343041
chr11	47343043
chr11	47343051
chr11	47343052
chr11	47343053
chr11	47343056
chr11	47343057
chr11	47343061
chr11	47343061
chr11	47343063
chr11	47343064
chr11	47343069
chr11	47343070
chr11	47343070
chr11	47343078
chr11	47343079
chr11	47343079
chr11	47343081
chr11	47343082
chr11	47343084
chr11	47343085
chr11	47343086
chr11	47343086
chr11	47343090
chr11	47343094
chr11	47343099
chr11	47343108
chr11	47343112
chr11	47343116
chr11	47343117
chr11	47343117
chr11	47343118
chr11	47343120
chr11	47343127
chr11	47343129
chr11	47343134
chr11	47343135
chr11	47343135
chr11	47343146
chr11	47343146
chr11	47343147
chr11	47343149
chr11	47343151
chr11	47343154
chr11	47343155
chr11	47343158
chr11	47343159
chr11	47343163
chr11	47343253
chr11	47343254
chr11	47343261
chr11	47343264
chr11	47343265
chr11	47343281
chr11	47343314
chr11	47343342
chr11	47343463
chr11	47343478
chr11	47343488
chr11	47343490
chr11	47343490
chr11	47343491
chr11	47343491
chr11	47343492
chr11	47343493
chr11	47343493
chr11	47343496
chr11	47343496
chr11	47343497
chr11	47343497
chr11	47343498
chr11	47343502
chr11	47343505
chr11	47343514
chr11	47343523
chr11	47343524
chr11	47343527
chr11	47343527
chr11	47343532
chr11	47343533
chr11	47343535
chr11	47343536
chr11	47343540
chr11	47343541
chr11	47343542
chr11	47343543
chr11	47343546
chr11	47343546
chr11	47343546
chr11	47343549
chr11	47343552
chr11	47343559
chr11	47343562
chr11	47343563
chr11	47343564
chr11	47343566
chr11	47343572
chr11	47343573
chr11	47343575
chr11	47343576
chr11	47343585
chr11	47343586
chr11	47343587
chr11	47343591
chr11	47343592
chr11	47343594
chr11	47343595
chr11	47343596
chr11	47343599
chr11	47343600
chr11	47343602
chr11	47343603
chr11	47343603
chr11	47343607
chr11	47343611
chr11	47343618
chr11	47343624
chr11	47343625
chr11	47343631
chr11	47343632
chr11	47343648
chr11	47343655
chr11	47343663
chr11	47343725
chr11	47343821
chr11	47345754
chr11	47346205
chr11	47346206
chr11	47346206
chr11	47346207
chr11	47346207
chr11	47346212
chr11	47346212
chr11	47346213
chr11	47346217
chr11	47346221
chr11	47346222
chr11	47346223
chr11	47346225
chr11	47346225
chr11	47346225
chr11	47346227
chr11	47346235
chr11	47346241
chr11	47346242
chr11	47346244
chr11	47346254
chr11	47346257
chr11	47346258
chr11	47346258
chr11	47346259
chr11	47346260
chr11	47346261
chr11	47346262
chr11	47346263
chr11	47346264
chr11	47346264
chr11	47346266
chr11	47346268
chr11	47346273
chr11	47346274
chr11	47346276
chr11	47346277
chr11	47346282
chr11	47346287
chr11	47346288
chr11	47346289
chr11	47346294
chr11	47346297
chr11	47346298
chr11	47346298
chr11	47346298
chr11	47346303
chr11	47346303
chr11	47346309
chr11	47346311
chr11	47346314
chr11	47346318
chr11	47346318
chr11	47346321
chr11	47346331
chr11	47346333
chr11	47346334
chr11	47346336
chr11	47346337
chr11	47346341
chr11	47346347
chr11	47346351
chr11	47346364
chr11	47346364
chr11	47346365
chr11	47346365
chr11	47346366
chr11	47346366
chr11	47346368
chr11	47346368
chr11	47346370
chr11	47346371
chr11	47346372
chr11	47346377
chr11	47346379
chr11	47346380
chr11	47346380
chr11	47346380
chr11	47346381
chr11	47346390
chr11	47346602
chr11	47346619
chr11	47346619
chr11	47346621
chr11	47346623
chr11	47346626
chr11	47346629
chr11	47346629
chr11	47346630
chr11	47346631
chr11	47346632
chr11	47346636
chr11	47346637
chr11	47346638
chr11	47346640
chr11	47346644
chr11	47346648
chr11	47346650
chr11	47346652
chr11	47346655
chr11	47346657
chr11	47346663
chr11	47346664
chr11	47347014
chr11	47347030
chr11	47347030
chr11	47347036
chr11	47347037
chr11	47347038
chr11	47347040
chr11	47347042
chr11	47347042
chr11	47347065
chr11	47347415
chr11	47347419
chr11	47347425
chr11	47347426
chr11	47347430
chr11	47347433
chr11	47347446
chr11	47347447
chr11	47347449
chr11	47347459
chr11	47347460
chr11	47347472
chr11	47347478
chr11	47347480
chr11	47347480
chr11	47347481
chr11	47347482
chr11	47347483
chr11	47347485
chr11	47347489
chr11	47347493
chr11	47347499
chr11	47347633
chr11	47347634
chr11	47347649
chr11	47347650
chr11	47347652
chr11	47347653
chr11	47347657
chr11	47347660
chr11	47347661
chr11	47347661
chr11	47347661
chr11	47347668
chr11	47347679
chr11	47347683
chr11	47347685
chr11	47347844
chr11	47347851
chr11	47347852
chr11	47347854
chr11	47347854
chr11	47347855
chr11	47347855
chr11	47347856
chr11	47347856
chr11	47347856
chr11	47347857
chr11	47347857
chr11	47347861
chr11	47347863
chr11	47347870
chr11	47347874
chr11	47347879
chr11	47347881
chr11	47347892
chr11	47347899
chr11	47347902
chr11	47347907
chr11	47347913
chr11	47347918
chr11	47347919
chr11	47348169
chr11	47348209
chr11	47348414
chr11	47348415
chr11	47348416
chr11	47348419
chr11	47348423
chr11	47348424
chr11	47348425
chr11	47348428
chr11	47348431
chr11	47348438
chr11	47348440
chr11	47348442
chr11	47348444
chr11	47348448
chr11	47348449
chr11	47348451
chr11	47348457
chr11	47348461
chr11	47348469
chr11	47348473
chr11	47348475
chr11	47348475
chr11	47348480
chr11	47348483
chr11	47348483
chr11	47348484
chr11	47348485
chr11	47348485
chr11	47348487
chr11	47348490
chr11	47348494
chr11	47348506
chr11	47348512
chr11	47348514
chr11	47348515
chr11	47348520
chr11	47348527
chr11	47348529
chr11	47348530
chr11	47348536
chr11	47348537
chr11	47348541
chr11	47348542
chr11	47348543
chr11	47348552
chr11	47348556
chr11	47348556
chr11	47348559
chr11	47348757
chr11	47349481
chr11	47349756
chr11	47349757
chr11	47349762
chr11	47349769
chr11	47349769
chr11	47349769
chr11	47349773
chr11	47349775
chr11	47349777
chr11	47349779
chr11	47349780
chr11	47349782
chr11	47349783
chr11	47349784
chr11	47349785
chr11	47349786
chr11	47349788
chr11	47349789
chr11	47349790
chr11	47349792
chr11	47349797
chr11	47349798
chr11	47349802
chr11	47349804
chr11	47349806
chr11	47349809
chr11	47349815
chr11	47349822
chr11	47349824
chr11	47349826
chr11	47349830
chr11	47349832
chr11	47349834
chr11	47349836
chr11	47349840
chr11	47349841
chr11	47349841
chr11	47349847
chr11	47349848
chr11	47349849
chr11	47349857
chr11	47349858
chr11	47349858
chr11	47349860
chr11	47349861
chr11	47349862
chr11	47349867
chr11	47349870
chr11	47349870
chr11	47349871
chr11	47349873
chr11	47349875
chr11	47349875
chr11	47349876
chr11	47349879
chr11	47349881
chr11	47349881
chr11	47349887
chr11	47349887
chr11	47349888
chr11	47349889
chr11	47349891
chr11	47349894
chr11	47349894
chr11	47349895
chr11	47349896
chr11	47349897
chr11	47349898
chr11	47349898
chr11	47349899
chr11	47349899
chr11	47349904
chr11	47349908
chr11	47349909
chr11	47349910
chr11	47349910
chr11	47349911
chr11	47349921
chr11	47349923
chr11	47349923
chr11	47349924
chr11	47349931
chr11	47349931
chr11	47349933
chr11	47349933
chr11	47349937
chr11	47349939
chr11	47350005
chr11	47350006
chr11	47350008
chr11	47350008
chr11	47350009
chr11	47350013
chr11	47350014
chr11	47350016
chr11	47350017
chr11	47350018
chr11	47350022
chr11	47350023
chr11	47350024
chr11	47350027
chr11	47350034
chr11	47350035
chr11	47350037
chr11	47350038
chr11	47350038
chr11	47350038
chr11	47350040
chr11	47350041
chr11	47350042
chr11	47350043
chr11	47350048
chr11	47350052
chr11	47350052
chr11	47350053
chr11	47350054
chr11	47350055
chr11	47350058
chr11	47350059
chr11	47350061
chr11	47350062
chr11	47350065
chr11	47350068
chr11	47350068
chr11	47350069
chr11	47350069
chr11	47350070
chr11	47350073
chr11	47350074
chr11	47350076
chr11	47350077
chr11	47350078
chr11	47350080
chr11	47350082
chr11	47350082
chr11	47350082
chr11	47350083
chr11	47350083
chr11	47350085
chr11	47350086
chr11	47350091
chr11	47350100
chr11	47350101
chr11	47350103
chr11	47350109
chr11	47350111
chr11	47350112
chr11	47350116
chr11	47350117
chr11	47350119
chr11	47350119
chr11	47350496
chr11	47350502
chr11	47350502
chr11	47350503
chr11	47350506
chr11	47350514
chr11	47350515
chr11	47350516
chr11	47350525
chr11	47350533
chr11	47350535
chr11	47350535
chr11	47350536
chr11	47350536
chr11	47350544
chr11	47350545
chr11	47350545
chr11	47350546
chr11	47350546
chr11	47350550
chr11	47350553
chr11	47350554
chr11	47350557
chr11	47350560
chr11	47350564
chr11	47350564
chr11	47350565
chr11	47350568
chr11	47350569
chr11	47350570
chr11	47350572
chr11	47350574
chr11	47350575
chr11	47350575
chr11	47350576
chr11	47350581
chr11	47350582
chr11	47350582
chr11	47350583
chr11	47350584
chr11	47350586
chr11	47350586
chr11	47350590
chr11	47350591
chr11	47350592
chr11	47350594
chr11	47350594
chr11	47350595
chr11	47350597
chr11	47350599
chr11	47350599
chr11	47350601
chr11	47350603
chr11	47350612
chr11	47350621
chr11	47350826
chr11	47351198
chr11	47351230
chr11	47351239
chr11	47351239
chr11	47351241
chr11	47351242
chr11	47351245
chr11	47351247
chr11	47351248
chr11	47351251
chr11	47351254
chr11	47351260
chr11	47351261
chr11	47351261
chr11	47351263
chr11	47351267
chr11	47351268
chr11	47351268
chr11	47351272
chr11	47351280
chr11	47351285
chr11	47351290
chr11	47351291
chr11	47351292
chr11	47351292
chr11	47351293
chr11	47351293
chr11	47351293
chr11	47351294
chr11	47351294
chr11	47351294
chr11	47351294
chr11	47351295
chr11	47351296
chr11	47351300
chr11	47351301
chr11	47351302
chr11	47351303
chr11	47351307
chr11	47351308
chr11	47351309
chr11	47351310
chr11	47351311
chr11	47351315
chr11	47351315
chr11	47351321
chr11	47351323
chr11	47351324
chr11	47351325
chr11	47351326
chr11	47351328
chr11	47351329
chr11	47351337
chr11	47351343
chr11	47351343
chr11	47351344
chr11	47351347
chr11	47351348
chr11	47351358
chr11	47351365
chr11	47351366
chr11	47351368
chr11	47351377
chr11	47351380
chr11	47351380
chr11	47351381
chr11	47351381
chr11	47351381
chr11	47351382
chr11	47351383
chr11	47351384
chr11	47351384
chr11	47351386
chr11	47351392
chr11	47351398
chr11	47351399
chr11	47351399
chr11	47351400
chr11	47351401
chr11	47351409
chr11	47351409
chr11	47351410
chr11	47351413
chr11	47351421
chr11	47351423
chr11	47351424
chr11	47351427
chr11	47351428
chr11	47351431
chr11	47351434
chr11	47351437
chr11	47351438
chr11	47351443
chr11	47351444
chr11	47351445
chr11	47351449
chr11	47351450
chr11	47351457
chr11	47351458
chr11	47351462
chr11	47351464
chr11	47351465
chr11	47351465
chr11	47351468
chr11	47351475
chr11	47351479
chr11	47351481
chr11	47351482
chr11	47351485
chr11	47351490
chr11	47351492
chr11	47351492
chr11	47351507
chr11	47351512
chr11	47351515
chr11	47352613
chr11	47352620
chr11	47352622
chr11	47352623
chr11	47352626
chr11	47352628
chr11	47352635
chr11	47352636
chr11	47352637
chr11	47352644
chr11	47352645
chr11	47352652
chr11	47352652
chr11	47352657
chr11	47352658
chr11	47352681
chr11	47353038
chr12	110910911
chr12	110910975
chr12	110910993
chr12	110911067
chr12	110911074
chr12	110911081
chr12	110911082
chr12	110911082
chr12	110911090
chr12	110911090
chr12	110911091
chr12	110911093
chr12	110911094
chr12	110911095
chr12	110911095
chr12	110911096
chr12	110911098
chr12	110911099
chr12	110911099
chr12	110911103
chr12	110911104
chr12	110911106
chr12	110911108
chr12	110911109
chr12	110911110
chr12	110911113
chr12	110911119
chr12	110911122
chr12	110911128
chr12	110911129
chr12	110911131
chr12	110911134
chr12	110911136
chr12	110911139
chr12	110911142
chr12	110911143
chr12	110911143
chr12	110911145
chr12	110911145
chr12	110911145
chr12	110911146
chr12	110911147
chr12	110911147
chr12	110911148
chr12	110911148
chr12	110911148
chr12	110911149
chr12	110911150
chr12	110911151
chr12	110911156
chr12	110911157
chr12	110911158
chr12	110911158
chr12	110911160
chr12	110911161
chr12	110911165
chr12	110911176
chr12	110911176
chr12	110911179
chr12	110911181
chr12	110911183
chr12	110911186
chr12	110911190
chr12	110913003
chr12	110913079
chr12	110913088
chr12	110913090
chr12	110913093
chr12	110913095
chr12	110913096
chr12	110913097
chr12	110913106
chr12	110913109
chr12	110913111
chr12	110913117
chr12	110913118
chr12	110913122
chr12	110913123
chr12	110913124
chr12	110913124
chr12	110913132
chr12	110913139
chr12	110913139
chr12	110913140
chr12	110913140
chr12	110913143
chr12	110913144
chr12	110913146
chr12	110913147
chr12	110913150
chr12	110913152
chr12	110913195
chr12	110913195
chr12	110913198
chr12	110913199
chr12	110913213
chr12	110913225
chr12	110913230
chr12	110913234
chr12	110913239
chr12	110913240
chr12	110913242
chr12	110913252
chr12	110913257
chr12	110913258
chr12	110913275
chr12	110913277
chr12	110913284
chr12	110913286
chr12	110913289
chr12	110913289
chr12	110913289
chr12	110913291
chr12	110913294
chr12	110913295
chr12	110913296
chr12	110913297
chr12	110913301
chr12	110913305
chr12	110913310
chr12	110913310
chr12	110913320
chr12	110913321
chr12	110913321
chr12	110913324
chr12	110913325
chr12	110913331
chr12	110913332
chr12	110913332
chr12	110913336
chr12	110913338
chr12	110913382
chr12	110913400
chr12	110913847
chr12	110914159
chr12	110914169
chr12	110914169
chr12	110914170
chr12	110914171
chr12	110914176
chr12	110914177
chr12	110914177
chr12	110914178
chr12	110914180
chr12	110914185
chr12	110914198
chr12	110914200
chr12	110914200
chr12	110914203
chr12	110914204
chr12	110914205
chr12	110914206
chr12	110914207
chr12	110914213
chr12	110914217
chr12	110914221
chr12	110914223
chr12	110914231
chr12	110914238
chr12	110914239
chr12	110914244
chr12	110914244
chr12	110914253
chr12	110914254
chr12	110914257
chr12	110914267
chr12	110914271
chr12	110914276
chr12	110914279
chr12	110914279
chr12	110914284
chr12	110914285
chr12	110914286
chr12	110914287
chr12	110914288
chr12	110914290
chr12	110914291
chr12	110914302
chr12	110914304
chr12	110914309
chr12	110914344
chr12	110914443
chr12	110915708
chr12	110915721
chr12	110915721
chr12	110915728
chr12	110915733
chr12	110915737
chr12	110915742
chr12	110915742
chr12	110915742
chr12	110915743
chr12	110915743
chr12	110915749
chr12	110915752
chr12	110915759
chr12	110915765
chr12	110915765
chr12	110915771
chr12	110915781
chr12	110915783
chr12	110915787
chr12	110915793
chr12	110915799
chr12	110915800
chr12	110919099
chr12	110919102
chr12	110919113
chr12	110919114
chr12	110919115
chr12	110919116
chr12	110919117
chr12	110919119
chr12	110919133
chr12	110919134
chr12	110919135
chr12	110919138
chr12	110919139
chr12	110919139
chr12	110919141
chr12	110919144
chr12	110919148
chr12	110919151
chr12	110919155
chr12	110919155
chr12	110919156
chr12	110919161
chr12	110919163
chr12	110919163
chr12	110919164
chr12	110919166
chr12	110919166
chr12	110919167
chr12	110919169
chr12	110919174
chr12	110919177
chr12	110919183
chr12	110919190
chr12	110919193
chr12	110919193
chr12	110919195
chr12	110919198
chr12	110919200
chr12	110919201
chr12	110919202
chr12	110919206
chr12	110919206
chr12	110919207
chr12	110919211
chr12	110920430
chr12	110920462
chr12	110920518
chr12	110920525
chr12	110920526
chr12	110920527
chr12	110920529
chr12	110920531
chr12	110920532
chr12	110920541
chr12	110920541
chr12	110920541
chr12	110920557
chr12	110920575
chr12	110920591
chr12	110920601
chr14	23408270
chr14	23408281
chr14	23412741
chr14	23412749
chr14	23412773
chr14	23412834
chr14	23412853
chr14	23412855
chr14	23412860
chr14	23412862
chr14	23412869
chr14	23412872
chr14	23412977
chr14	23413033
chr14	23413093
chr14	23413646
chr14	23413744
chr14	23413745
chr14	23413749
chr14	23413750
chr14	23413750
chr14	23413762
chr14	23413770
chr14	23413775
chr14	23413778
chr14	23413779
chr14	23413782
chr14	23413784
chr14	23413787
chr14	23413787
chr14	23413788
chr14	23413788
chr14	23413788
chr14	23413792
chr14	23413800
chr14	23413803
chr14	23413805
chr14	23413809
chr14	23413809
chr14	23413810
chr14	23413812
chr14	23413813
chr14	23413814
chr14	23413815
chr14	23413819
chr14	23413820
chr14	23413822
chr14	23413823
chr14	23413823
chr14	23413824
chr14	23413824
chr14	23413826
chr14	23413831
chr14	23413832
chr14	23413840
chr14	23413845
chr14	23413845
chr14	23413846
chr14	23413853
chr14	23413859
chr14	23413860
chr14	23413862
chr14	23413870
chr14	23413873
chr14	23413878
chr14	23413882
chr14	23413885
chr14	23413888
chr14	23413889
chr14	23413889
chr14	23413897
chr14	23413897
chr14	23413898
chr14	23413899
chr14	23413900
chr14	23413901
chr14	23413902
chr14	23413975
chr14	23413986
chr14	23413998
chr14	23414002
chr14	23414002
chr14	23414003
chr14	23414004
chr14	23414007
chr14	23414016
chr14	23414021
chr14	23414023
chr14	23414024
chr14	23414024
chr14	23414025
chr14	23414038
chr14	23414046
chr14	23414056
chr14	23414059
chr14	23414061
chr14	23414068
chr14	23414074
chr14	23414075
chr14	23414088
chr14	23414096
chr14	23414097
chr14	23414100
chr14	23414104
chr14	23414104
chr14	23414108
chr14	23414109
chr14	23414109
chr14	23414114
chr14	23414116
chr14	23414390
chr14	23414928
chr14	23414984
chr14	23414986
chr14	23414987
chr14	23414988
chr14	23414990
chr14	23414991
chr14	23414998
chr14	23414999
chr14	23415013
chr14	23415017
chr14	23415018
chr14	23415018
chr14	23415020
chr14	23415024
chr14	23415026
chr14	23415027
chr14	23415031
chr14	23415035
chr14	23415038
chr14	23415046
chr14	23415047
chr14	23415047
chr14	23415048
chr14	23415049
chr14	23415051
chr14	23415054
chr14	23415054
chr14	23415055
chr14	23415059
chr14	23415060
chr14	23415070
chr14	23415072
chr14	23415073
chr14	23415079
chr14	23415083
chr14	23415083
chr14	23415083
chr14	23415095
chr14	23415096
chr14	23415096
chr14	23415101
chr14	23415102
chr14	23415103
chr14	23415103
chr14	23415104
chr14	23415113
chr14	23415118
chr14	23415123
chr14	23415132
chr14	23415133
chr14	23415133
chr14	23415133
chr14	23415138
chr14	23415142
chr14	23415143
chr14	23415144
chr14	23415145
chr14	23415147
chr14	23415153
chr14	23415154
chr14	23415154
chr14	23415155
chr14	23415156
chr14	23415157
chr14	23415159
chr14	23415160
chr14	23415164
chr14	23415168
chr14	23415173
chr14	23415174
chr14	23415174
chr14	23415187
chr14	23415187
chr14	23415193
chr14	23415195
chr14	23415199
chr14	23415208
chr14	23415210
chr14	23415212
chr14	23415213
chr14	23415214
chr14	23415220
chr14	23415221
chr14	23415222
chr14	23415226
chr14	23415237
chr14	23415248
chr14	23415249
chr14	23415251
chr14	23415258
chr14	23415260
chr14	23415261
chr14	23415263
chr14	23415267
chr14	23415268
chr14	23415273
chr14	23415315
chr14	23415362
chr14	23415372
chr14	23415374
chr14	23415378
chr14	23415381
chr14	23415384
chr14	23415385
chr14	23415385
chr14	23415388
chr14	23415388
chr14	23415392
chr14	23415392
chr14	23415401
chr14	23415409
chr14	23415411
chr14	23415413
chr14	23415419
chr14	23415419
chr14	23415421
chr14	23415430
chr14	23415435
chr14	23415436
chr14	23415442
chr14	23415443
chr14	23415448
chr14	23415456
chr14	23415458
chr14	23415461
chr14	23415472
chr14	23415473
chr14	23415474
chr14	23415474
chr14	23415475
chr14	23415475
chr14	23415475
chr14	23415480
chr14	23415481
chr14	23415483
chr14	23415483
chr14	23415486
chr14	23415490
chr14	23415495
chr14	23415497
chr14	23415506
chr14	23415514
chr14	23415518
chr14	23415518
chr14	23415521
chr14	23415621
chr14	23415629
chr14	23415630
chr14	23415637
chr14	23415647
chr14	23415649
chr14	23415651
chr14	23415656
chr14	23415657
chr14	23415659
chr14	23415664
chr14	23415666
chr14	23415667
chr14	23415671
chr14	23415672
chr14	23415673
chr14	23415675
chr14	23415676
chr14	23415680
chr14	23415680
chr14	23415681
chr14	23415684
chr14	23415690
chr14	23415697
chr14	23415698
chr14	23415699
chr14	23415707
chr14	23415707
chr14	23415710
chr14	23415712
chr14	23415715
chr14	23415716
chr14	23415716
chr14	23415719
chr14	23415720
chr14	23415721
chr14	23415724
chr14	23415725
chr14	23415749
chr14	23415756
chr14	23415757
chr14	23415759
chr14	23415760
chr14	23415765
chr14	23415766
chr14	23415767
chr14	23415769
chr14	23415772
chr14	23415773
chr14	23415775
chr14	23415778
chr14	23415781
chr14	23415788
chr14	23415790
chr14	23415791
chr14	23415793
chr14	23415794
chr14	23415794
chr14	23415798
chr14	23415801
chr14	23415801
chr14	23415801
chr14	23415802
chr14	23415806
chr14	23415806
chr14	23415807
chr14	23415808
chr14	23415812
chr14	23415820
chr14	23415820
chr14	23415821
chr14	23415822
chr14	23415826
chr14	23415832
chr14	23415837
chr14	23415846
chr14	23415846
chr14	23415873
chr14	23415987
chr14	23415991
chr14	23415998
chr14	23415999
chr14	23416000
chr14	23416004
chr14	23416004
chr14	23416016
chr14	23416016
chr14	23416020
chr14	23416022
chr14	23416025
chr14	23416038
chr14	23416040
chr14	23416041
chr14	23416042
chr14	23416045
chr14	23416046
chr14	23416048
chr14	23416048
chr14	23416049
chr14	23416050
chr14	23416051
chr14	23416053
chr14	23416056
chr14	23416060
chr14	23416062
chr14	23416063
chr14	23416064
chr14	23416067
chr14	23416071
chr14	23416085
chr14	23416085
chr14	23416088
chr14	23416089
chr14	23416093
chr14	23416102
chr14	23416104
chr14	23416112
chr14	23416119
chr14	23416122
chr14	23416123
chr14	23416123
chr14	23416125
chr14	23416126
chr14	23416129
chr14	23416129
chr14	23416129
chr14	23416130
chr14	23416134
chr14	23416135
chr14	23416138
chr14	23416140
chr14	23416140
chr14	23416141
chr14	23416142
chr14	23416150
chr14	23416150
chr14	23416151
chr14	23416154
chr14	23416157
chr14	23416162
chr14	23416168
chr14	23416169
chr14	23416170
chr14	23416174
chr14	23416182
chr14	23416183
chr14	23416185
chr14	23416185
chr14	23416193
chr14	23416194
chr14	23416194
chr14	23416195
chr14	23416200
chr14	23416201
chr14	23416208
chr14	23416210
chr14	23416210
chr14	23416211
chr14	23416216
chr14	23416217
chr14	23416228
chr14	23416232
chr14	23416236
chr14	23416237
chr14	23416241
chr14	23416248
chr14	23416250
chr14	23416255
chr14	23416258
chr14	23416259
chr14	23416268
chr14	23416268
chr14	23416270
chr14	23416275
chr14	23416276
chr14	23416277
chr14	23416278
chr14	23416279
chr14	23416280
chr14	23416284
chr14	23416286
chr14	23416289
chr14	23416290
chr14	23416292
chr14	23416293
chr14	23416294
chr14	23416294
chr14	23416297
chr14	23416298
chr14	23416301
chr14	23416307
chr14	23416308
chr14	23416309
chr14	23416311
chr14	23416314
chr14	23416319
chr14	23416327
chr14	23416328
chr14	23416329
chr14	23416485
chr14	23416585
chr14	23416861
chr14	23416863
chr14	23416865
chr14	23416869
chr14	23416869
chr14	23416871
chr14	23416881
chr14	23416882
chr14	23416883
chr14	23416884
chr14	23416890
chr14	23416890
chr14	23416894
chr14	23416896
chr14	23416906
chr14	23416907
chr14	23416922
chr14	23416923
chr14	23416924
chr14	23416924
chr14	23416927
chr14	23416935
chr14	23416941
chr14	23416941
chr14	23416944
chr14	23416945
chr14	23416946
chr14	23416950
chr14	23416954
chr14	23416955
chr14	23416959
chr14	23416961
chr14	23416969
chr14	23416970
chr14	23416971
chr14	23416972
chr14	23416976
chr14	23416980
chr14	23416980
chr14	23416981
chr14	23416987
chr14	23416987
chr14	23416991
chr14	23416995
chr14	23417003
chr14	23417007
chr14	23417017
chr14	23417147
chr14	23417152
chr14	23417157
chr14	23417157
chr14	23417159
chr14	23417161
chr14	23417162
chr14	23417171
chr14	23417172
chr14	23417173
chr14	23417174
chr14	23417174
chr14	23417183
chr14	23417185
chr14	23417188
chr14	23417189
chr14	23417191
chr14	23417193
chr14	23417201
chr14	23417202
chr14	23417209
chr14	23417212
chr14	23417213
chr14	23417213
chr14	23417214
chr14	23417218
chr14	23417220
chr14	23417221
chr14	23417222
chr14	23417230
chr14	23417231
chr14	23417232
chr14	23417236
chr14	23417245
chr14	23417253
chr14	23417255
chr14	23417261
chr14	23417262
chr14	23417264
chr14	23417270
chr14	23417270
chr14	23417273
chr14	23417277
chr14	23417277
chr14	23417278
chr14	23417282
chr14	23417283
chr14	23417284
chr14	23417288
chr14	23417300
chr14	23417301
chr14	23417309
chr14	23417310
chr14	23417312
chr14	23417314
chr14	23417320
chr14	23417323
chr14	23417324
chr14	23417325
chr14	23417328
chr14	23417328
chr14	23417379
chr14	23417461
chr14	23417486
chr14	23417490
chr14	23417493
chr14	23417495
chr14	23417497
chr14	23417498
chr14	23417506
chr14	23417508
chr14	23417509
chr14	23417509
chr14	23417513
chr14	23417515
chr14	23417521
chr14	23417524
chr14	23417526
chr14	23417530
chr14	23417535
chr14	23417536
chr14	23417541
chr14	23417542
chr14	23417548
chr14	23417549
chr14	23417554
chr14	23417555
chr14	23417555
chr14	23417556
chr14	23417562
chr14	23417563
chr14	23417564
chr14	23417564
chr14	23417566
chr14	23417568
chr14	23417571
chr14	23417573
chr14	23417578
chr14	23417581
chr14	23417581
chr14	23417586
chr14	23417595
chr14	23417597
chr14	23417599
chr14	23417600
chr14	23417605
chr14	23417605
chr14	23417606
chr14	23417610
chr14	23417617
chr14	23417617
chr14	23417618
chr14	23417618
chr14	23417629
chr14	23417631
chr14	23417632
chr14	23417632
chr14	23417637
chr14	23417641
chr14	23417643
chr14	23417644
chr14	23417646
chr14	23417647
chr14	23417648
chr14	23417652
chr14	23417653
chr14	23417656
chr14	23417657
chr14	23417657
chr14	23417659
chr14	23417663
chr14	23417665
chr14	23417668
chr14	23417668
chr14	23417669
chr14	23417669
chr14	23417670
chr14	23417674
chr14	23417676
chr14	23417686
chr14	23417691
chr14	23417694
chr14	23417700
chr14	23417701
chr14	23417901
chr14	23418204
chr14	23418210
chr14	23418220
chr14	23418221
chr14	23418223
chr14	23418234
chr14	23418241
chr14	23418242
chr14	23418243
chr14	23418244
chr14	23418245
chr14	23418247
chr14	23418248
chr14	23418248
chr14	23418253
chr14	23418254
chr14	23418255
chr14	23418256
chr14	23418261
chr14	23418273
chr14	23418277
chr14	23418280
chr14	23418281
chr14	23418282
chr14	23418286
chr14	23418295
chr14	23418296
chr14	23418300
chr14	23418300
chr14	23418301
chr14	23418302
chr14	23418303
chr14	23418304
chr14	23418309
chr14	23418314
chr14	23418315
chr14	23418316
chr14	23418322
chr14	23418326
chr14	23418327
chr14	23418328
chr14	23418334
chr14	23418337
chr14	23418338
chr14	23418339
chr14	23418341
chr14	23418343
chr14	23418343
chr14	23418348
chr14	23418349
chr14	23418358
chr14	23418359
chr14	23418362
chr14	23418366
chr14	23418369
chr14	23418369
chr14	23418370
chr14	23418374
chr14	23418375
chr14	23418379
chr14	23418382
chr14	23418385
chr14	23418386
chr14	23418388
chr14	23418393
chr14	23418397
chr14	23418398
chr14	23418402
chr14	23418404
chr14	23418405
chr14	23418408
chr14	23418413
chr14	23418416
chr14	23418436
chr14	23418582
chr14	23418655
chr14	23418656
chr14	23418974
chr14	23419114
chr14	23419161
chr14	23419162
chr14	23419170
chr14	23419182
chr14	23419186
chr14	23419189
chr14	23419205
chr14	23419207
chr14	23419207
chr14	23419210
chr14	23419213
chr14	23419214
chr14	23419215
chr14	23419215
chr14	23419220
chr14	23419222
chr14	23419225
chr14	23419231
chr14	23419233
chr14	23419235
chr14	23419241
chr14	23419242
chr14	23419245
chr14	23419255
chr14	23419266
chr14	23419266
chr14	23419267
chr14	23419283
chr14	23419284
chr14	23419284
chr14	23419285
chr14	23419288
chr14	23419288
chr14	23419293
chr14	23419296
chr14	23419300
chr14	23419305
chr14	23419306
chr14	23419309
chr14	23419345
chr14	23419371
chr14	23419456
chr14	23419462
chr14	23419469
chr14	23419473
chr14	23419476
chr14	23419482
chr14	23419484
chr14	23419490
chr14	23419492
chr14	23419502
chr14	23419503
chr14	23419506
chr14	23419506
chr14	23419507
chr14	23419507
chr14	23419512
chr14	23419513
chr14	23419522
chr14	23419524
chr14	23419529
chr14	23419533
chr14	23419533
chr14	23419534
chr14	23419535
chr14	23419535
chr14	23419547
chr14	23419547
chr14	23419548
chr14	23419550
chr14	23419553
chr14	23419555
chr14	23419557
chr14	23419557
chr14	23419558
chr14	23419559
chr14	23419562
chr14	23419565
chr14	23419566
chr14	23419567
chr14	23419569
chr14	23419582
chr14	23419583
chr14	23419584
chr14	23419587
chr14	23419588
chr14	23419588
chr14	23419593
chr14	23419595
chr14	23419602
chr14	23419606
chr14	23419614
chr14	23419828
chr14	23419839
chr14	23419850
chr14	23419854
chr14	23419856
chr14	23419860
chr14	23419861
chr14	23419870
chr14	23419872
chr14	23419875
chr14	23419881
chr14	23419881
chr14	23419887
chr14	23419889
chr14	23419895
chr14	23419902
chr14	23419904
chr14	23419905
chr14	23419907
chr14	23419910
chr14	23419923
chr14	23419926
chr14	23419927
chr14	23419932
chr14	23419934
chr14	23419936
chr14	23419937
chr14	23419940
chr14	23419944
chr14	23419945
chr14	23419949
chr14	23419949
chr14	23419950
chr14	23419950
chr14	23419950
chr14	23419951
chr14	23419953
chr14	23419957
chr14	23419958
chr14	23419959
chr14	23419961
chr14	23419962
chr14	23419967
chr14	23419968
chr14	23419973
chr14	23419974
chr14	23419979
chr14	23419979
chr14	23419979
chr14	23419980
chr14	23419982
chr14	23419993
chr14	23419994
chr14	23420004
chr14	23420007
chr14	23420008
chr14	23420008
chr14	23420013
chr14	23420016
chr14	23420020
chr14	23420020
chr14	23420045
chr14	23420048
chr14	23420051
chr14	23420069
chr14	23420071
chr14	23420079
chr14	23420088
chr14	23420092
chr14	23420096
chr14	23420097
chr14	23420097
chr14	23420102
chr14	23420105
chr14	23420107
chr14	23420109
chr14	23420111
chr14	23420114
chr14	23420116
chr14	23420120
chr14	23420125
chr14	23420129
chr14	23420130
chr14	23420132
chr14	23420133
chr14	23420139
chr14	23420143
chr14	23420147
chr14	23420149
chr14	23420157
chr14	23420164
chr14	23420164
chr14	23420165
chr14	23420167
chr14	23420169
chr14	23420184
chr14	23420189
chr14	23420195
chr14	23420198
chr14	23420198
chr14	23420199
chr14	23420199
chr14	23420200
chr14	23420208
chr14	23420213
chr14	23420220
chr14	23420222
chr14	23420225
chr14	23420230
chr14	23420231
chr14	23420231
chr14	23420234
chr14	23420234
chr14	23420236
chr14	23420238
chr14	23420242
chr14	23420244
chr14	23420298
chr14	23420550
chr14	23420955
chr14	23420957
chr14	23420963
chr14	23420966
chr14	23420969
chr14	23420970
chr14	23420970
chr14	23420974
chr14	23420987
chr14	23420993
chr14	23420994
chr14	23421000
chr14	23421000
chr14	23421008
chr14	23421011
chr14	23421021
chr14	23421024
chr14	23421025
chr14	23421027
chr14	23421033
chr14	23421035
chr14	23421043
chr14	23421051
chr14	23421056
chr14	23421065
chr14	23422031
chr14	23422056
chr14	23422173
chr14	23422173
chr14	23422177
chr14	23422178
chr14	23422184
chr14	23422185
chr14	23422189
chr14	23422190
chr14	23422190
chr14	23422196
chr14	23422209
chr14	23422212
chr14	23422215
chr14	23422216
chr14	23422218
chr14	23422225
chr14	23422227
chr14	23422229
chr14	23422241
chr14	23422248
chr14	23422253
chr14	23422253
chr14	23422254
chr14	23422255
chr14	23422257
chr14	23422262
chr14	23422265
chr14	23422267
chr14	23422268
chr14	23422269
chr14	23422271
chr14	23422272
chr14	23422273
chr14	23422276
chr14	23422277
chr14	23422277
chr14	23422278
chr14	23422284
chr14	23422287
chr14	23422288
chr14	23422288
chr14	23422289
chr14	23422291
chr14	23422291
chr14	23422292
chr14	23422297
chr14	23422299
chr14	23422300
chr14	23422308
chr14	23422309
chr14	23422315
chr14	23422327
chr14	23422330
chr14	23422336
chr14	23422340
chr14	23422427
chr14	23423372
chr14	23423547
chr14	23423552
chr14	23423554
chr14	23423556
chr14	23423563
chr14	23423567
chr14	23423578
chr14	23423579
chr14	23423582
chr14	23423584
chr14	23423588
chr14	23423591
chr14	23423592
chr14	23423595
chr14	23423601
chr14	23423609
chr14	23423609
chr14	23423610
chr14	23423611
chr14	23423616
chr14	23423626
chr14	23423627
chr14	23423630
chr14	23423636
chr14	23423640
chr14	23423654
chr14	23423658
chr14	23423665
chr14	23423665
chr14	23423667
chr14	23423670
chr14	23423672
chr14	23423673
chr14	23423678
chr14	23423678
chr14	23423679
chr14	23423683
chr14	23423687
chr14	23423691
chr14	23423701
chr14	23423710
chr14	23423715
chr14	23423723
chr14	23423727
chr14	23423728
chr14	23423729
chr14	23423729
chr14	23423730
chr14	23423732
chr14	23423741
chr14	23423825
chr14	23423845
chr14	23423901
chr14	23423901
chr14	23423904
chr14	23423907
chr14	23423920
chr14	23423921
chr14	23423921
chr14	23423922
chr14	23423930
chr14	23423936
chr14	23423938
chr14	23423939
chr14	23423942
chr14	23423947
chr14	23423947
chr14	23423952
chr14	23423961
chr14	23423961
chr14	23423966
chr14	23423967
chr14	23423970
chr14	23423971
chr14	23423972
chr14	23423974
chr14	23423975
chr14	23423977
chr14	23423983
chr14	23423988
chr14	23424006
chr14	23424007
chr14	23424007
chr14	23424008
chr14	23424008
chr14	23424010
chr14	23424014
chr14	23424017
chr14	23424024
chr14	23424025
chr14	23424027
chr14	23424030
chr14	23424034
chr14	23424035
chr14	23424037
chr14	23424038
chr14	23424038
chr14	23424041
chr14	23424044
chr14	23424046
chr14	23424046
chr14	23424052
chr14	23424053
chr14	23424056
chr14	23424058
chr14	23424060
chr14	23424064
chr14	23424065
chr14	23424067
chr14	23424079
chr14	23424081
chr14	23424083
chr14	23424083
chr14	23424085
chr14	23424087
chr14	23424090
chr14	23424091
chr14	23424092
chr14	23424093
chr14	23424094
chr14	23424095
chr14	23424095
chr14	23424098
chr14	23424102
chr14	23424102
chr14	23424104
chr14	23424105
chr14	23424108
chr14	23424110
chr14	23424113
chr14	23424115
chr14	23424115
chr14	23424118
chr14	23424118
chr14	23424119
chr14	23424120
chr14	23424121
chr14	23424122
chr14	23424122
chr14	23424125
chr14	23424129
chr14	23424130
chr14	23424131
chr14	23424133
chr14	23424137
chr14	23424137
chr14	23424143
chr14	23424145
chr14	23424145
chr14	23424146
chr14	23424146
chr14	23424244
chr14	23424506
chr14	23424509
chr14	23424762
chr14	23424766
chr14	23424769
chr14	23424770
chr14	23424770
chr14	23424771
chr14	23424771
chr14	23424774
chr14	23424781
chr14	23424782
chr14	23424790
chr14	23424793
chr14	23424793
chr14	23424795
chr14	23424799
chr14	23424801
chr14	23424802
chr14	23424805
chr14	23424806
chr14	23424806
chr14	23424807
chr14	23424808
chr14	23424810
chr14	23424811
chr14	23424815
chr14	23424816
chr14	23424816
chr14	23424816
chr14	23424817
chr14	23424817
chr14	23424817
chr14	23424818
chr14	23424822
chr14	23424830
chr14	23424835
chr14	23424839
chr14	23424841
chr14	23424846
chr14	23424849
chr14	23424850
chr14	23424851
chr14	23424852
chr14	23424854
chr14	23424854
chr14	23424855
chr14	23424861
chr14	23424861
chr14	23424862
chr14	23424863
chr14	23424863
chr14	23424866
chr14	23424867
chr14	23424870
chr14	23424872
chr14	23424873
chr14	23424875
chr14	23424875
chr14	23424876
chr14	23424876
chr14	23424878
chr14	23424882
chr14	23424882
chr14	23424892
chr14	23424893
chr14	23424893
chr14	23424894
chr14	23424895
chr14	23424896
chr14	23424900
chr14	23424902
chr14	23424903
chr14	23424904
chr14	23424905
chr14	23424906
chr14	23424909
chr14	23424911
chr14	23424914
chr14	23424921
chr14	23424922
chr14	23424923
chr14	23424923
chr14	23424924
chr14	23424925
chr14	23424929
chr14	23424930
chr14	23424934
chr14	23424935
chr14	23424935
chr14	23424938
chr14	23424940
chr14	23424944
chr14	23424944
chr14	23424944
chr14	23424946
chr14	23424949
chr14	23424949
chr14	23424950
chr14	23424951
chr14	23424952
chr14	23424953
chr14	23424954
chr14	23424964
chr14	23424966
chr14	23424967
chr14	23424968
chr14	23424970
chr14	23424975
chr14	23424976
chr14	23424976
chr14	23424977
chr14	23424978
chr14	23424978
chr14	23424979
chr14	23424979
chr14	23424981
chr14	23424981
chr14	23424984
chr14	23424986
chr14	23424989
chr14	23424989
chr14	23424990
chr14	23424992
chr14	23424993
chr14	23424997
chr14	23425002
chr14	23425005
chr14	23425011
chr14	23425012
chr14	23425016
chr14	23425023
chr14	23425025
chr14	23425029
chr14	23425029
chr14	23425029
chr14	23425031
chr14	23425036
chr14	23425082
chr14	23425263
chr14	23425279
chr14	23425281
chr14	23425285
chr14	23425285
chr14	23425288
chr14	23425289
chr14	23425294
chr14	23425302
chr14	23425304
chr14	23425305
chr14	23425312
chr14	23425317
chr14	23425319
chr14	23425323
chr14	23425326
chr14	23425327
chr14	23425327
chr14	23425328
chr14	23425330
chr14	23425333
chr14	23425338
chr14	23425345
chr14	23425347
chr14	23425347
chr14	23425349
chr14	23425353
chr14	23425356
chr14	23425357
chr14	23425357
chr14	23425357
chr14	23425358
chr14	23425358
chr14	23425359
chr14	23425363
chr14	23425364
chr14	23425370
chr14	23425371
chr14	23425372
chr14	23425373
chr14	23425373
chr14	23425383
chr14	23425384
chr14	23425399
chr14	23425400
chr14	23425404
chr14	23425409
chr14	23425410
chr14	23425412
chr14	23425414
chr14	23425422
chr14	23425685
chr14	23425688
chr14	23425690
chr14	23425694
chr14	23425695
chr14	23425696
chr14	23425699
chr14	23425701
chr14	23425713
chr14	23425730
chr14	23425730
chr14	23425731
chr14	23425733
chr14	23425735
chr14	23425737
chr14	23425739
chr14	23425751
chr14	23425752
chr14	23425753
chr14	23425757
chr14	23425759
chr14	23425764
chr14	23425764
chr14	23425764
chr14	23425766
chr14	23425768
chr14	23425768
chr14	23425769
chr14	23425770
chr14	23425772
chr14	23425774
chr14	23425775
chr14	23425778
chr14	23425779
chr14	23425780
chr14	23425781
chr14	23425783
chr14	23425785
chr14	23425789
chr14	23425790
chr14	23425790
chr14	23425790
chr14	23425792
chr14	23425794
chr14	23425797
chr14	23425797
chr14	23425800
chr14	23425803
chr14	23425803
chr14	23425807
chr14	23425810
chr14	23425813
chr14	23425818
chr14	23425819
chr14	23425825
chr14	23425834
chr14	23425836
chr14	23425947
chr14	23425955
chr14	23425960
chr14	23425963
chr14	23425966
chr14	23425970
chr14	23425973
chr14	23425977
chr14	23425978
chr14	23425979
chr14	23425980
chr14	23425981
chr14	23425986
chr14	23425987
chr14	23425989
chr14	23425991
chr14	23425992
chr14	23425992
chr14	23425992
chr14	23425997
chr14	23425997
chr14	23426003
chr14	23426003
chr14	23426005
chr14	23426009
chr14	23426012
chr14	23426015
chr14	23426016
chr14	23426020
chr14	23426021
chr14	23426022
chr14	23426025
chr14	23426034
chr14	23426035
chr14	23426057
chr14	23426059
chr14	23426062
chr14	23426063
chr14	23426066
chr14	23426072
chr14	23426074
chr14	23426075
chr14	23426075
chr14	23426076
chr14	23426079
chr14	23426270
chr14	23426655
chr14	23426738
chr14	23426772
chr14	23426774
chr14	23426780
chr14	23426781
chr14	23426782
chr14	23426788
chr14	23426792
chr14	23426793
chr14	23426799
chr14	23426803
chr14	23426809
chr14	23426815
chr14	23426817
chr14	23426820
chr14	23426827
chr14	23426834
chr14	23426838
chr14	23426839
chr14	23426842
chr14	23426843
chr14	23426848
chr14	23426851
chr14	23426852
chr14	23426858
chr14	23426871
chr14	23426879
chr14	23426882
chr14	23427120
chr14	23427126
chr14	23427128
chr14	23427238
chr14	23427239
chr14	23427239
chr14	23427240
chr14	23427242
chr14	23427244
chr14	23427244
chr14	23427245
chr14	23427247
chr14	23427256
chr14	23427258
chr14	23427270
chr14	23427274
chr14	23427279
chr14	23427283
chr14	23427285
chr14	23427290
chr14	23427293
chr14	23427294
chr14	23427304
chr14	23427310
chr14	23427318
chr14	23427334
chr14	23427572
chr14	23427577
chr14	23427584
chr14	23427585
chr14	23427586
chr14	23427589
chr14	23427589
chr14	23427594
chr14	23427595
chr14	23427596
chr14	23427597
chr14	23427599
chr14	23427602
chr14	23427603
chr14	23427603
chr14	23427609
chr14	23427613
chr14	23427616
chr14	23427617
chr14	23427624
chr14	23427629
chr14	23427630
chr14	23427634
chr14	23427639
chr14	23427640
chr14	23427642
chr14	23427643
chr14	23427647
chr14	23427651
chr14	23427653
chr14	23427657
chr14	23427658
chr14	23427663
chr14	23427666
chr14	23427669
chr14	23427670
chr14	23427672
chr14	23427672
chr14	23427675
chr14	23427677
chr14	23427681
chr14	23427682
chr14	23427685
chr14	23427685
chr14	23427685
chr14	23427689
chr14	23427690
chr14	23427701
chr14	23427706
chr14	23427714
chr14	23427714
chr14	23427716
chr14	23427718
chr14	23427718
chr14	23427720
chr14	23427722
chr14	23427723
chr14	23427724
chr14	23427730
chr14	23427731
chr14	23427751
chr14	23427753
chr14	23427762
chr14	23427770
chr14	23427773
chr14	23427774
chr14	23427789
chr14	23427789
chr14	23427792
chr14	23427793
chr14	23427795
chr14	23427802
chr14	23427802
chr14	23427805
chr14	23427809
chr14	23427811
chr14	23427817
chr14	23427819
chr14	23427820
chr14	23427822
chr14	23427824
chr14	23427830
chr14	23427833
chr14	23427838
chr14	23427840
chr14	23427841
chr14	23427841
chr14	23427843
chr14	23427846
chr14	23427848
chr14	23427850
chr14	23427855
chr14	23427858
chr14	23427858
chr14	23427861
chr14	23427862
chr14	23427865
chr14	23427865
chr14	23427868
chr14	23427871
chr14	23427875
chr14	23427876
chr14	23427877
chr14	23427881
chr14	23427885
chr14	23427889
chr14	23427893
chr14	23427894
chr14	23427898
chr14	23427941
chr14	23427965
chr14	23428257
chr14	23428298
chr14	23428313
chr14	23428480
chr14	23428491
chr14	23428493
chr14	23428499
chr14	23428499
chr14	23428500
chr14	23428505
chr14	23428507
chr14	23428508
chr14	23428509
chr14	23428509
chr14	23428513
chr14	23428516
chr14	23428519
chr14	23428522
chr14	23428526
chr14	23428527
chr14	23428531
chr14	23428534
chr14	23428534
chr14	23428537
chr14	23428542
chr14	23428543
chr14	23428544
chr14	23428548
chr14	23428550
chr14	23428559
chr14	23428559
chr14	23428560
chr14	23428561
chr14	23428564
chr14	23428566
chr14	23428574
chr14	23428577
chr14	23428580
chr14	23428582
chr14	23428582
chr14	23428587
chr14	23428588
chr14	23428590
chr14	23428596
chr14	23428597
chr14	23428598
chr14	23428599
chr14	23428599
chr14	23428599
chr14	23428600
chr14	23428601
chr14	23428614
chr14	23428616
chr14	23428617
chr14	23428622
chr14	23428625
chr14	23428627
chr14	23428632
chr14	23428643
chr14	23428646
chr14	23428650
chr14	23428652
chr14	23428654
chr14	23428655
chr14	23428665
chr14	23428678
chr14	23428678
chr14	23428681
chr14	23428711
chr14	23428787
chr14	23428951
chr14	23428952
chr14	23428955
chr14	23428957
chr14	23428957
chr14	23428958
chr14	23428960
chr14	23428962
chr14	23428962
chr14	23428966
chr14	23428966
chr14	23428967
chr14	23428967
chr14	23428972
chr14	23428976
chr14	23428978
chr14	23428987
chr14	23428988
chr14	23428989
chr14	23428992
chr14	23428992
chr14	23428994
chr14	23428997
chr14	23429004
chr14	23429006
chr14	23429009
chr14	23429010
chr14	23429011
chr14	23429012
chr14	23429021
chr14	23429024
chr14	23429025
chr14	23429028
chr14	23429030
chr14	23429031
chr14	23429031
chr14	23429037
chr14	23429037
chr14	23429038
chr14	23429039
chr14	23429039
chr14	23429046
chr14	23429047
chr14	23429047
chr14	23429051
chr14	23429057
chr14	23429059
chr14	23429061
chr14	23429063
chr14	23429071
chr14	23429079
chr14	23429079
chr14	23429083
chr14	23429088
chr14	23429090
chr14	23429093
chr14	23429095
chr14	23429096
chr14	23429097
chr14	23429101
chr14	23429102
chr14	23429104
chr14	23429106
chr14	23429212
chr14	23429231
chr14	23429235
chr14	23429241
chr14	23429252
chr14	23429252
chr14	23429256
chr14	23429256
chr14	23429261
chr14	23429262
chr14	23429278
chr14	23429279
chr14	23429281
chr14	23429282
chr14	23429282
chr14	23429283
chr14	23429286
chr14	23429293
chr14	23429295
chr14	23429297
chr14	23429299
chr14	23429299
chr14	23429302
chr14	23429304
chr14	23429306
chr14	23429306
chr14	23429307
chr14	23429308
chr14	23429309
chr14	23429312
chr14	23429314
chr14	23429320
chr14	23429322
chr14	23429323
chr14	23429327
chr14	23429327
chr14	23429329
chr14	23429335
chr14	23429336
chr14	23429337
chr14	23429338
chr14	23429341
chr14	23429342
chr14	23429345
chr14	23429351
chr14	23429351
chr14	23429360
chr14	23429360
chr14	23429361
chr14	23429768
chr14	23429778
chr14	23429781
chr14	23429783
chr14	23429784
chr14	23429785
chr14	23429785
chr14	23429791
chr14	23429792
chr14	23429793
chr14	23429794
chr14	23429795
chr14	23429795
chr14	23429795
chr14	23429800
chr14	23429803
chr14	23429805
chr14	23429807
chr14	23429807
chr14	23429808
chr14	23429812
chr14	23429818
chr14	23429828
chr14	23429829
chr14	23429830
chr14	23429840
chr14	23429843
chr14	23429848
chr14	23429850
chr14	23429851
chr14	23429851
chr14	23429853
chr14	23429854
chr14	23429861
chr14	23429861
chr14	23429864
chr14	23429865
chr14	23429868
chr14	23429869
chr14	23429883
chr14	23429893
chr14	23429893
chr14	23429894
chr14	23429900
chr14	23429900
chr14	23429901
chr14	23429910
chr14	23429910
chr14	23429911
chr14	23429914
chr14	23429916
chr14	23429920
chr14	23429926
chr14	23430046
chr14	23430385
chr14	23430406
chr14	23430500
chr14	23430516
chr14	23430551
chr14	23430557
chr14	23430560
chr14	23430568
chr14	23430569
chr14	23430574
chr14	23430574
chr14	23430583
chr14	23430584
chr14	23430585
chr14	23430586
chr14	23430590
chr14	23430591
chr14	23430591
chr14	23430591
chr14	23430592
chr14	23430595
chr14	23430600
chr14	23430602
chr14	23430605
chr14	23430606
chr14	23430607
chr14	23430615
chr14	23430622
chr14	23430623
chr14	23430623
chr14	23430629
chr14	23430634
chr14	23430635
chr14	23430639
chr14	23430649
chr14	23430651
chr14	23430666
chr14	23430668
chr14	23430670
chr14	23430884
chr14	23430889
chr14	23430889
chr14	23430890
chr14	23430892
chr14	23430898
chr14	23430900
chr14	23430901
chr14	23430902
chr14	23430913
chr14	23430918
chr14	23430924
chr14	23430925
chr14	23430926
chr14	23430936
chr14	23430937
chr14	23430942
chr14	23430943
chr14	23430948
chr14	23430952
chr14	23430954
chr14	23430954
chr14	23430959
chr14	23430961
chr14	23430966
chr14	23430975
chr14	23430978
chr14	23430979
chr14	23430981
chr14	23430993
chr14	23430993
chr14	23430995
chr14	23430997
chr14	23431000
chr14	23431002
chr14	23431009
chr14	23431015
chr14	23431016
chr14	23431411
chr14	23431414
chr14	23431420
chr14	23431420
chr14	23431421
chr14	23431428
chr14	23431430
chr14	23431432
chr14	23431436
chr14	23431438
chr14	23431441
chr14	23431446
chr14	23431450
chr14	23431453
chr14	23431456
chr14	23431459
chr14	23431459
chr14	23431466
chr14	23431466
chr14	23431468
chr14	23431469
chr14	23431469
chr14	23431471
chr14	23431472
chr14	23431473
chr14	23431474
chr14	23431475
chr14	23431477
chr14	23431480
chr14	23431484
chr14	23431489
chr14	23431490
chr14	23431491
chr14	23431492
chr14	23431580
chr14	23431583
chr14	23431583
chr14	23431584
chr14	23431584
chr14	23431585
chr14	23431590
chr14	23431592
chr14	23431596
chr14	23431600
chr14	23431602
chr14	23431603
chr14	23431607
chr14	23431608
chr14	23431610
chr14	23431611
chr14	23431612
chr14	23431613
chr14	23431614
chr14	23431617
chr14	23431619
chr14	23431620
chr14	23431620
chr14	23431621
chr14	23431625
chr14	23431628
chr14	23431631
chr14	23431632
chr14	23431633
chr14	23431639
chr14	23431640
chr14	23431641
chr14	23431642
chr14	23431643
chr14	23431646
chr14	23431653
chr14	23431655
chr14	23431659
chr14	23431659
chr14	23431662
chr14	23431665
chr14	23431668
chr14	23431670
chr14	23431671
chr14	23431673
chr14	23431678
chr14	23431682
chr14	23431730
chr14	23431733
chr14	23431748
chr14	23431752
chr14	23431756
chr14	23431761
chr14	23431763
chr14	23431765
chr14	23431766
chr14	23431767
chr14	23431770
chr14	23431773
chr14	23431775
chr14	23431775
chr14	23431778
chr14	23431783
chr14	23431789
chr14	23431790
chr14	23431790
chr14	23431801
chr14	23431803
chr14	23431804
chr14	23431818
chr14	23431822
chr14	23431826
chr14	23431828
chr14	23431839
chr14	23431840
chr14	23431850
chr14	23431851
chr14	23431859
chr14	23431860
chr14	23431860
chr14	23431862
chr14	23431864
chr14	23431865
chr14	23431868
chr14	23431868
chr14	23431868
chr14	23431869
chr14	23431869
chr14	23431874
chr14	23431876
chr14	23431884
chr14	23432013
chr14	23432043
chr14	23432185
chr14	23432236
chr14	23432340
chr14	23432372
chr14	23432478
chr14	23432479
chr14	23432483
chr14	23432486
chr14	23432488
chr14	23432490
chr14	23432498
chr14	23432502
chr14	23432503
chr14	23432504
chr14	23432509
chr14	23432510
chr14	23432510
chr14	23432511
chr14	23432514
chr14	23432514
chr14	23432515
chr14	23432621
chr14	23432633
chr14	23432639
chr14	23432644
chr14	23432646
chr14	23432647
chr14	23432647
chr14	23432648
chr14	23432649
chr14	23432654
chr14	23432656
chr14	23432657
chr14	23432659
chr14	23432661
chr14	23432666
chr14	23432666
chr14	23432667
chr14	23432667
chr14	23432680
chr14	23432681
chr14	23432683
chr14	23432685
chr14	23432688
chr14	23432689
chr14	23432692
chr14	23432693
chr14	23432694
chr14	23432696
chr14	23432697
chr14	23432697
chr14	23432697
chr14	23432699
chr14	23432700
chr14	23432703
chr14	23432710
chr14	23432710
chr14	23432711
chr14	23432712
chr14	23432713
chr14	23432729
chr14	23432730
chr14	23432737
chr14	23432742
chr14	23432745
chr14	23432745
chr14	23432768
chr14	23432768
chr14	23432769
chr14	23432775
chr14	23432778
chr14	23432787
chr14	23432791
chr14	23432796
chr14	23432801
chr14	23432804
chr14	23432812
chr14	23433083
chr14	23433084
chr14	23433088
chr14	23433088
chr14	23433091
chr14	23433092
chr14	23433100
chr14	23433102
chr14	23433102
chr14	23433106
chr14	23433107
chr14	23433129
chr14	23433130
chr14	23433131
chr14	23433132
chr14	23433136
chr14	23433142
chr14	23433152
chr14	23433155
chr14	23433160
chr14	23433168
chr14	23433168
chr14	23433169
chr14	23433176
chr14	23433177
chr14	23433188
chr14	23433189
chr14	23433189
chr14	23433208
chr14	23433218
chr14	23433219
chr14	23433219
chr14	23433220
chr14	23433220
chr14	23433221
chr14	23433225
chr14	23433230
chr14	23433235
chr14	23433411
chr14	23433528
chr14	23433530
chr14	23433536
chr14	23433538
chr14	23433544
chr14	23433544
chr14	23433549
chr14	23433550
chr14	23433550
chr14	23433566
chr14	23433566
chr14	23433567
chr14	23433572
chr14	23433572
chr14	23433572
chr14	23433573
chr14	23433575
chr14	23433577
chr14	23433579
chr14	23433579
chr14	23433580
chr14	23433596
chr14	23433597
chr14	23433598
chr14	23433598
chr14	23433599
chr14	23433603
chr14	23433603
chr14	23433609
chr14	23433612
chr14	23433619
chr14	23433644
chr14	23433645
chr14	23433649
chr14	23433649
chr14	23433653
chr14	23433655
chr14	23433663
chr14	23433666
chr14	23433681
chr14	23433683
chr14	23433684
chr14	23433686
chr14	23433696
chr14	23433697
chr14	23433704
chr14	23433705
chr14	23433705
chr14	23433711
chr14	23433716
chr14	23433718
chr14	23433721
chr14	23433722
chr14	23433722
chr14	23433727
chr14	23433732
chr14	23433739
chr14	23433740
chr14	23433844
chr14	23434201
chr14	23434207
chr14	23434209
chr14	23434214
chr14	23434221
chr14	23434224
chr14	23434232
chr14	23434247
chr14	23434265
chr14	23435603
chr14	23435633
chr15	34788120
chr15	34788137
chr15	34788151
chr15	34788206
chr15	34788224
chr15	34788233
chr15	34788244
chr15	34788322
chr15	34788359
chr15	34788425
chr15	34788493
chr15	34788519
chr15	34788602
chr15	34788610
chr15	34788612
chr15	34788615
chr15	34788631
chr15	34788638
chr15	34788659
chr15	34788663
chr15	34788680
chr15	34788730
chr15	34788738
chr15	34788788
chr15	34788899
chr15	34788910
chr15	34788930
chr15	34788941
chr15	34788967
chr15	34789034
chr15	34789094
chr15	34789109
chr15	34789150
chr15	34789182
chr15	34789191
chr15	34789193
chr15	34789279
chr15	34789297
chr15	34789322
chr15	34789342
chr15	34789350
chr15	34789373
chr15	34789408
chr15	34789429
chr15	34789477
chr15	34789485
chr15	34789493
chr15	34789537
chr15	34789544
chr15	34789547
chr15	34789556
chr15	34789566
chr15	34789631
chr15	34789635
chr15	34789637
chr15	34789655
chr15	34789656
chr15	34789660
chr15	34789670
chr15	34789673
chr15	34789675
chr15	34789704
chr15	34789724
chr15	34789733
chr15	34789738
chr15	34789766
chr15	34789769
chr15	34789793
chr15	34789822
chr15	34789828
chr15	34789851
chr15	34789894
chr15	34789928
chr15	34789940
chr15	34789990
chr15	34790019
chr15	34790024
chr15	34790024
chr15	34790105
chr15	34790128
chr15	34790143
chr15	34790165
chr15	34790188
chr15	34790198
chr15	34790275
chr15	34790372
chr15	34790373
chr15	34790377
chr15	34790390
chr15	34790392
chr15	34790407
chr15	34790409
chr15	34790411
chr15	34790418
chr15	34790422
chr15	34790434
chr15	34790447
chr15	34790448
chr15	34790454
chr15	34790456
chr15	34790462
chr15	34790463
chr15	34790463
chr15	34790465
chr15	34790468
chr15	34790493
chr15	34790493
chr15	34790496
chr15	34790507
chr15	34790508
chr15	34790511
chr15	34790541
chr15	34790548
chr15	34790555
chr15	34790565
chr15	34790568
chr15	34790817
chr15	34790878
chr15	34791050
chr15	34791118
chr15	34791126
chr15	34791131
chr15	34791134
chr15	34791136
chr15	34791137
chr15	34791144
chr15	34791150
chr15	34791152
chr15	34791160
chr15	34791169
chr15	34791174
chr15	34791177
chr15	34791182
chr15	34791182
chr15	34791186
chr15	34791193
chr15	34791196
chr15	34791201
chr15	34791210
chr15	34791210
chr15	34791212
chr15	34791213
chr15	34791218
chr15	34791218
chr15	34791220
chr15	34791238
chr15	34791250
chr15	34791250
chr15	34791254
chr15	34791258
chr15	34791264
chr15	34791265
chr15	34791291
chr15	34791292
chr15	34791303
chr15	34791303
chr15	34791304
chr15	34791305
chr15	34791306
chr15	34791307
chr15	34791307
chr15	34791307
chr15	34791307
chr15	34791307
chr15	34791307
chr15	34791307
chr15	34791307
chr15	34791307
chr15	34791307
chr15	34791307
chr15	34791307
chr15	34791307
chr15	34791307
chr15	34791307
chr15	34791307
chr15	34791308
chr15	34791599
chr15	34791905
chr15	34791921
chr15	34792087
chr15	34792089
chr15	34792092
chr15	34792100
chr15	34792105
chr15	34792114
chr15	34792124
chr15	34792129
chr15	34792142
chr15	34792143
chr15	34792147
chr15	34792151
chr15	34792157
chr15	34792158
chr15	34792159
chr15	34792171
chr15	34792175
chr15	34792181
chr15	34792183
chr15	34792191
chr15	34792198
chr15	34792203
chr15	34792204
chr15	34792206
chr15	34792211
chr15	34792217
chr15	34792234
chr15	34792235
chr15	34792240
chr15	34792246
chr15	34792252
chr15	34792263
chr15	34792264
chr15	34792265
chr15	34792265
chr15	34792275
chr15	34792276
chr15	34792288
chr15	34792291
chr15	34792291
chr15	34792393
chr15	34792400
chr15	34792402
chr15	34792407
chr15	34792415
chr15	34792417
chr15	34792422
chr15	34792441
chr15	34792444
chr15	34792445
chr15	34792450
chr15	34792454
chr15	34792461
chr15	34792462
chr15	34792466
chr15	34792471
chr15	34792483
chr15	34792484
chr15	34792487
chr15	34792487
chr15	34792492
chr15	34792495
chr15	34792499
chr15	34792500
chr15	34792500
chr15	34792508
chr15	34792510
chr15	34792511
chr15	34792517
chr15	34792523
chr15	34792524
chr15	34792526
chr15	34792528
chr15	34792539
chr15	34792542
chr15	34792547
chr15	34792549
chr15	34792559
chr15	34792566
chr15	34792568
chr15	34792569
chr15	34792572
chr15	34792575
chr15	34792576
chr15	34792812
chr15	34793000
chr15	34793236
chr15	34793245
chr15	34793252
chr15	34793267
chr15	34793268
chr15	34793275
chr15	34793276
chr15	34793285
chr15	34793294
chr15	34793300
chr15	34793301
chr15	34793302
chr15	34793310
chr15	34793316
chr15	34793322
chr15	34793324
chr15	34793325
chr15	34793327
chr15	34793330
chr15	34793344
chr15	34793347
chr15	34793357
chr15	34793366
chr15	34793366
chr15	34793366
chr15	34793371
chr15	34793381
chr15	34793386
chr15	34793388
chr15	34793389
chr15	34793390
chr15	34793390
chr15	34793397
chr15	34793399
chr15	34793400
chr15	34793405
chr15	34793406
chr15	34793418
chr15	34793421
chr15	34793421
chr15	34793427
chr15	34793429
chr15	34793453
chr15	34793459
chr15	34793467
chr15	34793470
chr15	34793480
chr15	34793482
chr15	34793495
chr15	34793508
chr15	34793511
chr15	34793512
chr15	34793519
chr15	34793521
chr15	34793533
chr15	34793534
chr15	34793538
chr15	34793541
chr15	34793551
chr15	34793558
chr15	34793565
chr15	34793572
chr15	34793578
chr15	34793582
chr15	34793584
chr15	34793586
chr15	34793696
chr15	34794361
chr15	34794455
chr15	34794562
chr15	34794648
chr15	34794656
chr15	34794660
chr15	34794662
chr15	34794662
chr15	34794667
chr15	34794674
chr15	34794680
chr15	34794692
chr15	34794701
chr15	34794706
chr15	34794708
chr15	34794708
chr15	34794715
chr15	34794716
chr15	34794719
chr15	34794725
chr15	34794726
chr15	34794733
chr15	34794734
chr15	34794734
chr15	34794737
chr15	34794740
chr15	34794740
chr15	34794742
chr15	34794743
chr15	34794746
chr15	34794747
chr15	34794752
chr15	34794761
chr15	34794767
chr15	34794781
chr15	34794782
chr15	34794787
chr15	34794790
chr15	34794797
chr15	34794797
chr15	34794799
chr15	34794799
chr15	34794800
chr15	34794802
chr15	34794804
chr15	34794807
chr15	34794809
chr15	34794820
chr15	34794825
chr15	34794845
chr15	34795042
chr15	34795491
chr15	34795509
chr15	34795519
chr15	34795527
chr15	34795532
chr15	34795533
chr15	34795538
chr15	34795540
chr15	34795562
chr15	34795584
chr15	34795588
chr15	34795592
chr15	34795658
chr15	34795675
chr15	34795677
chr15	34795711
chr15	63042321
chr15	63042410
chr15	63042436
chr15	63042489
chr15	63042499
chr15	63042558
chr15	63042566
chr15	63042624
chr15	63042644
chr15	63042645
chr15	63042716
chr15	63042724
chr15	63042736
chr15	63042782
chr15	63042783
chr15	63042789
chr15	63042817
chr15	63042823
chr15	63042830
chr15	63042833
chr15	63042835
chr15	63042839
chr15	63042841
chr15	63042841
chr15	63042846
chr15	63042847
chr15	63042852
chr15	63042854
chr15	63042855
chr15	63042855
chr15	63042856
chr15	63042860
chr15	63042863
chr15	63042868
chr15	63042869
chr15	63042873
chr15	63042874
chr15	63042874
chr15	63042875
chr15	63042880
chr15	63042882
chr15	63042887
chr15	63042890
chr15	63042890
chr15	63042891
chr15	63042893
chr15	63042894
chr15	63042896
chr15	63042898
chr15	63042904
chr15	63042904
chr15	63042906
chr15	63042911
chr15	63042911
chr15	63042913
chr15	63042916
chr15	63042917
chr15	63042920
chr15	63042926
chr15	63042927
chr15	63042933
chr15	63042933
chr15	63042934
chr15	63042935
chr15	63042936
chr15	63042938
chr15	63042941
chr15	63042943
chr15	63042945
chr15	63042946
chr15	63042947
chr15	63042957
chr15	63043692
chr15	63043693
chr15	63043696
chr15	63043696
chr15	63043708
chr15	63043711
chr15	63043720
chr15	63043729
chr15	63043750
chr15	63043752
chr15	63043759
chr15	63043761
chr15	63043765
chr15	63043766
chr15	63043783
chr15	63043789
chr15	63043800
chr15	63043801
chr15	63043811
chr15	63043813
chr15	63043813
chr15	63043814
chr15	63043814
chr15	63043821
chr15	63043823
chr15	63043834
chr15	63043835
chr15	63043838
chr15	63044020
chr15	63044022
chr15	63044030
chr15	63044030
chr15	63044035
chr15	63044040
chr15	63044050
chr15	63044051
chr15	63044052
chr15	63044056
chr15	63044060
chr15	63044060
chr15	63044064
chr15	63044064
chr15	63044065
chr15	63044066
chr15	63044075
chr15	63044075
chr15	63044076
chr15	63044084
chr15	63044089
chr15	63044091
chr15	63044092
chr15	63044094
chr15	63044096
chr15	63044097
chr15	63044099
chr15	63044108
chr15	63044108
chr15	63044114
chr15	63044121
chr15	63044121
chr15	63044123
chr15	63044126
chr15	63044127
chr15	63044138
chr15	63044146
chr15	63044148
chr15	63044153
chr15	63044155
chr15	63044163
chr15	63048093
chr15	63048116
chr15	63048217
chr15	63048270
chr15	63048370
chr15	63048420
chr15	63048483
chr15	63048541
chr15	63048575
chr15	63048578
chr15	63048582
chr15	63048584
chr15	63048599
chr15	63048601
chr15	63048609
chr15	63048617
chr15	63048622
chr15	63048633
chr15	63048640
chr15	63048645
chr15	63048670
chr15	63048697
chr15	63048700
chr15	63049039
chr15	63056818
chr15	63056973
chr15	63056975
chr15	63056976
chr15	63056977
chr15	63056986
chr15	63056992
chr15	63056993
chr15	63056994
chr15	63056996
chr15	63056996
chr15	63056997
chr15	63056997
chr15	63057001
chr15	63057001
chr15	63057006
chr15	63057008
chr15	63057011
chr15	63057013
chr15	63057015
chr15	63057016
chr15	63057017
chr15	63057019
chr15	63057020
chr15	63057028
chr15	63057032
chr15	63057033
chr15	63057038
chr15	63057045
chr15	63057046
chr15	63057049
chr15	63057054
chr15	63057058
chr15	63057065
chr15	63057081
chr15	63057084
chr15	63057085
chr15	63057087
chr15	63057108
chr15	63057256
chr15	63057365
chr15	63059252
chr15	63059289
chr15	63059301
chr15	63059546
chr15	63059558
chr15	63059560
chr15	63059565
chr15	63059569
chr15	63059576
chr15	63059577
chr15	63059579
chr15	63059591
chr15	63059594
chr15	63059596
chr15	63059596
chr15	63059598
chr15	63059599
chr15	63059600
chr15	63059604
chr15	63059604
chr15	63059606
chr15	63059609
chr15	63059611
chr15	63059612
chr15	63059616
chr15	63059616
chr15	63059619
chr15	63059625
chr15	63059626
chr15	63059632
chr15	63059641
chr15	63059645
chr15	63059646
chr15	63059648
chr15	63059662
chr15	63059663
chr15	63059667
chr15	63059674
chr15	63059893
chr15	63059941
chr15	63060759
chr15	63060862
chr15	63060863
chr15	63060872
chr15	63060872
chr15	63060883
chr15	63060884
chr15	63060887
chr15	63060889
chr15	63060890
chr15	63060890
chr15	63060891
chr15	63060892
chr15	63060895
chr15	63060898
chr15	63060900
chr15	63060909
chr15	63060914
chr15	63060922
chr15	63060924
chr15	63060925
chr15	63060925
chr15	63060926
chr15	63060930
chr15	63060931
chr15	63060935
chr15	63060936
chr15	63060938
chr15	63060939
chr15	63060945
chr15	63060945
chr15	63060945
chr15	63060946
chr15	63060949
chr15	63060949
chr15	63060951
chr15	63061182
chr15	63061182
chr15	63061188
chr15	63061193
chr15	63061205
chr15	63061206
chr15	63061223
chr15	63061247
chr15	63061252
chr15	63061271
chr15	63061274
chr15	63061276
chr15	63061286
chr15	63061287
chr15	63061610
chr15	63061666
chr15	63061701
chr15	63061701
chr15	63061702
chr15	63061704
chr15	63061708
chr15	63061708
chr15	63061721
chr15	63061722
chr15	63061732
chr15	63061734
chr15	63061735
chr15	63061741
chr15	63061742
chr15	63061751
chr15	63061752
chr15	63061755
chr15	63061756
chr15	63061758
chr15	63061765
chr15	63061768
chr15	63061774
chr15	63061774
chr15	63061776
chr15	63061778
chr15	63061779
chr15	63061779
chr15	63061781
chr15	63061781
chr15	63061784
chr15	63061786
chr15	63061796
chr15	63061798
chr15	63061799
chr15	63061810
chr15	63061869
chr15	63062201
chr15	63062201
chr15	63062213
chr15	63062219
chr15	63062220
chr15	63062230
chr15	63062235
chr15	63062241
chr15	63062248
chr15	63062251
chr15	63062252
chr15	63062253
chr15	63062259
chr15	63062261
chr15	63062262
chr15	63062263
chr15	63062267
chr15	63062281
chr15	63062283
chr15	63062284
chr15	63062287
chr15	63062561
chr15	63062564
chr15	63062568
chr15	63062573
chr15	63062576
chr15	63062578
chr15	63062585
chr15	63062586
chr15	63062588
chr15	63062598
chr15	63062599
chr15	63062604
chr15	63062607
chr15	63062608
chr15	63062609
chr15	63062616
chr15	63062619
chr15	63062622
chr15	63062635
chr15	63062635
chr15	63062641
chr15	63062662
chr15	63062739
chr15	63062893
chr15	63063831
chr15	63064046
chr15	63064060
chr15	63064061
chr15	63064065
chr15	63064066
chr15	63064066
chr15	63064068
chr15	63064074
chr15	63064075
chr15	63064078
chr15	63064081
chr15	63064088
chr15	63064093
chr15	63064097
chr15	63064098
chr15	63064099
chr15	63064105
chr15	63064106
chr15	63064106
chr15	63064119
chr15	63064120
chr15	63064121
chr15	63064121
chr15	63064126
chr15	63064128
chr15	63064131
chr15	63064132
chr15	63064133
chr15	63064133
chr15	63064136
chr15	63064141
chr15	63064142
chr15	63064144
chr15	63064148
chr15	63064148
chr15	63064149
chr15	63064157
chr15	63064175
chr15	63064331
chr15	63064338
chr15	63064375
chr15	63065653
chr15	63065892
chr15	63065896
chr15	63065900
chr15	63065910
chr15	63065936
chr15	63065967
chr15	63065975
chr15	63065994
chr15	63066027
chr15	63066044
chr15	63066047
chr15	63066108
chr15	63069865
chr15	63069871
chr15	63069884
chr15	63069899
chr15	63069900
chr15	63069902
chr15	63069903
chr15	63069923
chr15	63069934
chr15	63069937
chr15	63069940
chr15	63069942
chr15	63069945
chr15	63069948
chr15	63071082
chr15	63071092
chr15	63071118
chr15	63071148
chr15	63071152
chr15	63071166
chr15	63071171
chr15	63071203
chr15	63071291
chr19	55147019
chr19	55147029
chr19	55149169
chr19	55151790
chr19	55151799
chr19	55151831
chr19	55151835
chr19	55151840
chr19	55151841
chr19	55151842
chr19	55151842
chr19	55151843
chr19	55151845
chr19	55151846
chr19	55151847
chr19	55151849
chr19	55151850
chr19	55151851
chr19	55151853
chr19	55151854
chr19	55151855
chr19	55151857
chr19	55151857
chr19	55151858
chr19	55151860
chr19	55151861
chr19	55151865
chr19	55151868
chr19	55151868
chr19	55151871
chr19	55151873
chr19	55151875
chr19	55151881
chr19	55151882
chr19	55151882
chr19	55151884
chr19	55151885
chr19	55151886
chr19	55151886
chr19	55151888
chr19	55151888
chr19	55151890
chr19	55151892
chr19	55151892
chr19	55151893
chr19	55151897
chr19	55151898
chr19	55151899
chr19	55151900
chr19	55151901
chr19	55151905
chr19	55151905
chr19	55151906
chr19	55151908
chr19	55151911
chr19	55151913
chr19	55151914
chr19	55151917
chr19	55151917
chr19	55151918
chr19	55151925
chr19	55151927
chr19	55151928
chr19	55151929
chr19	55151930
chr19	55151931
chr19	55152074
chr19	55153763
chr19	55153819
chr19	55153902
chr19	55153961
chr19	55154026
chr19	55154031
chr19	55154032
chr19	55154035
chr19	55154040
chr19	55154040
chr19	55154041
chr19	55154042
chr19	55154044
chr19	55154046
chr19	55154053
chr19	55154054
chr19	55154056
chr19	55154057
chr19	55154057
chr19	55154058
chr19	55154059
chr19	55154063
chr19	55154064
chr19	55154065
chr19	55154065
chr19	55154067
chr19	55154070
chr19	55154071
chr19	55154071
chr19	55154071
chr19	55154077
chr19	55154077
chr19	55154079
chr19	55154083
chr19	55154084
chr19	55154086
chr19	55154086
chr19	55154091
chr19	55154091
chr19	55154091
chr19	55154094
chr19	55154095
chr19	55154097
chr19	55154100
chr19	55154105
chr19	55154108
chr19	55154113
chr19	55154115
chr19	55154116
chr19	55154117
chr19	55154121
chr19	55154121
chr19	55154128
chr19	55154139
chr19	55154140
chr19	55154141
chr19	55154141
chr19	55154145
chr19	55154147
chr19	55154147
chr19	55154148
chr19	55154151
chr19	55154158
chr19	55154158
chr19	55154162
chr19	55154172
chr19	55154173
chr19	55154175
chr19	55154176
chr19	55154177
chr19	55154177
chr19	55154178
chr19	55154184
chr19	55154188
chr19	55154190
chr19	55154195
chr19	55154200
chr19	55154205
chr19	55154206
chr19	55154210
chr19	55154214
chr19	55154214
chr19	55154216
chr19	55154217
chr19	55154219
chr19	55154221
chr19	55154221
chr19	55154222
chr19	55154223
chr19	55154721
chr19	55154733
chr19	55154733
chr19	55154734
chr19	55154736
chr19	55154743
chr19	55154743
chr19	55154745
chr19	55154747
chr19	55154750
chr19	55154751
chr19	55154757
chr19	55154757
chr19	55154759
chr19	55154766
chr19	55154766
chr19	55154767
chr19	55154768
chr19	55154773
chr19	55154777
chr19	55154779
chr19	55154781
chr19	55154782
chr19	55154783
chr19	55154790
chr19	55154791
chr19	55154795
chr19	55154795
chr19	55154798
chr19	55154804
chr19	55154805
chr19	55154805
chr19	55154806
chr19	55154806
chr19	55154806
chr19	55154809
chr19	55154810
chr19	55154811
chr19	55154815
chr19	55154819
chr19	55154820
chr19	55154821
chr19	55154825
chr19	55154839
chr19	55154843
chr19	55155032
chr19	55155051
chr19	55156184
chr19	55156191
chr19	55156195
chr19	55156196
chr19	55156199
chr19	55156204
chr19	55156205
chr19	55156206
chr19	55156207
chr19	55156209
chr19	55156210
chr19	55156212
chr19	55156219
chr19	55156219
chr19	55156223
chr19	55156224
chr19	55156224
chr19	55156225
chr19	55156225
chr19	55156233
chr19	55156237
chr19	55156237
chr19	55156238
chr19	55156238
chr19	55156245
chr19	55156247
chr19	55156247
chr19	55156248
chr19	55156250
chr19	55156250
chr19	55156255
chr19	55156257
chr19	55156258
chr19	55156259
chr19	55156262
chr19	55156263
chr19	55156266
chr19	55156275
chr19	55156276
chr19	55156276
chr19	55156278
chr19	55156278
chr19	55156279
chr19	55156285
chr19	55156289
chr19	55156293
chr19	55156299
chr19	55156304
chr19	55156308
chr19	55156310
chr19	55156310
chr19	55156315
chr19	55156316
chr19	55156319
chr19	55156323
chr19	55156326
chr19	55156327
chr19	55156331
chr19	55156338
chr19	55156344
chr19	55156590
chr19	55156590
chr19	55156594
chr19	55156595
chr19	55156602
chr19	55156603
chr19	55156606
chr19	55156610
chr19	55156614
chr19	55156617
chr19	55156621
chr19	55156622
chr19	55156626
chr19	55156628
chr19	55156631
chr19	55156633
chr19	55156637
chr19	55156638
chr19	55156639
chr19	55156651
chr19	55156659
chr19	55156661
chr19	55156664
chr19	55156776
chr19	55156991
chr19	55157029
chr19	55157045
chr19	55157046
chr19	55157048
chr19	55157051
chr19	55157053
chr19	55157054
chr19	55157054
chr19	55157057
chr19	55157066
chr19	55157070
chr19	55157073
chr19	55157079
chr19	55157079
chr19	55157083
chr19	55157084
chr19	55157084
chr19	55157085
chr19	55157085
chr19	55157087
chr19	55157091
chr19	55157093
chr19	55157093
chr19	55157093
chr19	55157094
chr19	55157095
chr19	55157097
chr19	55157097
chr19	55157101
chr19	55157103
chr19	55157106
chr19	55157106
chr19	55157113
chr19	55157119
chr19	55157123
chr19	55157124
chr19	55157128
chr19	55157130
chr19	55157137
chr19	55157139
chr19	55157141
chr19	55157277
chr19	55157290
chr19	55157294
chr19	55157301
chr19	55157305
chr19	55157307
chr19	55157309
chr19	55157314
chr19	55157354
chr19	55157581
chr19	55157583
chr19	55157584
chr19	55157589
chr19	55157597
chr19	55157624
chr19	55157634
chr19	55157636
chr19	55157674
chr19	55157687
chr19	55157692
chr19	55157722
chr19	55157737
chr19	55159283
chr19	55159440
chr19	55159457
chr19	55159621
chr19	55159969
chr19	55160006
chr19	55160687
chr19	55160698
chr19	55161102
chr19	55161201
chr19	55161416
chr19	55161775
chr19	55161777
chr19	55161796
chr19	55161822
chr19	55162286
chr20	34977663
chr20	34978087
chr20	34979728
chr20	34979772
chr20	34982474
chr20	34982483
chr20	34982536
chr20	34982542
chr20	34982556
chr20	34984844
chr20	34984847
chr20	34984885
chr20	34985116
chr20	34986970
chr20	34987241
chr20	34987283
chr20	34987631
chr20	34987845
chr20	34987874
chr20	34988223
chr20	34988251
chr20	34989783
chr20	34989796
chr20	34989865
chr20	34990083
chr20	34990292
chr20	34990729
chr20	34991017
chr20	34993132
chr20	34993154
chr20	34993325
chr20	34993377
chr20	34993402
chr20	34993430
chr20	34994152
chr20	34994168
chr20	34994190
chr20	34994330
chr20	34995354
chr20	34996388
chr20	34997135
chr20	34997146
chr20	34997333
chr20	34997453
chr20	34998371
chr20	34998565
chr20	34998920
chr20	34999280
chr20	34999656
chr20	35000374
chr20	35000382
chr20	35000390
chr20	35000439
chr20	35000460
chr20	35000478
chr20	35000506
chr20	35000567
chr20	35000795
chr20	35000887
chr20	35000895
chr20	35000989
chr20	35001018
chr20	35001071
chr20	35001155
chr20	35001284
chr20	35001525
chr20	35002042
